{
    "source": 2,
    "revision": 9,
    "description": null,
    "createdBy": {
        "displayName": "YAHIAOUI SOFIANE",
        "url": "https://app.vssps.visualstudio.com/Ae3f6760c-15be-4fbf-8355-748ea734e752/_apis/Identities/d38b69aa-f717-69f5-b804-05c4eb19a8f6",
        "_links": {
            "avatar": {
                "href": "https://tfsprodweusu4.visualstudio.com/A5e633e68-a8fb-4da6-b730-be67d3b69326/_apis/GraphProfile/MemberAvatars/aad.ZDM4YjY5YWEtZjcxNy03OWY1LWI4MDQtMDVjNGViMTlhOGY2"
            }
        },
        "id": "d38b69aa-f717-69f5-b804-05c4eb19a8f6",
        "uniqueName": "sofiane.yahiaoui.microsoft@axa.fr",
        "imageUrl": "https://tfsprodweusu4.visualstudio.com/A5e633e68-a8fb-4da6-b730-be67d3b69326/_api/_common/identityImage?id=d38b69aa-f717-69f5-b804-05c4eb19a8f6",
        "descriptor": "aad.ZDM4YjY5YWEtZjcxNy03OWY1LWI4MDQtMDVjNGViMTlhOGY2"
    },
    "createdOn": "2018-05-18T13:05:31.880Z",
    "modifiedBy": {
        "displayName": "YAHIAOUI SOFIANE",
        "url": "https://app.vssps.visualstudio.com/Ae3f6760c-15be-4fbf-8355-748ea734e752/_apis/Identities/d38b69aa-f717-69f5-b804-05c4eb19a8f6",
        "_links": {
            "avatar": {
                "href": "https://tfsprodweusu4.visualstudio.com/A5e633e68-a8fb-4da6-b730-be67d3b69326/_apis/GraphProfile/MemberAvatars/aad.ZDM4YjY5YWEtZjcxNy03OWY1LWI4MDQtMDVjNGViMTlhOGY2"
            }
        },
        "id": "d38b69aa-f717-69f5-b804-05c4eb19a8f6",
        "uniqueName": "sofiane.yahiaoui.microsoft@axa.fr",
        "imageUrl": "https://tfsprodweusu4.visualstudio.com/A5e633e68-a8fb-4da6-b730-be67d3b69326/_api/_common/identityImage?id=d38b69aa-f717-69f5-b804-05c4eb19a8f6",
        "descriptor": "aad.ZDM4YjY5YWEtZjcxNy03OWY1LWI4MDQtMDVjNGViMTlhOGY2"
    },
    "modifiedOn": "2018-06-01T08:04:30.023Z",
    "isDeleted": false,
    "variables": {
        "GLOBAL_AppName_4letters": {
            "value": "%A_RENSEIGNER%"
        },
        "GLOBAL_ProjectName_4letters": {
            "value": "%A_RENSEIGNER%"
        },
        "GLOBAL_StorageAccount_Common": {
            "value": "prew1commonarmtsa"
        },
        "GLOBAL_StorageAccount_ResourceGroupName": {
            "value": "z-afa-tran-shrd-pra-ew1-rgp01"
        }
    },
    "variableGroups": [],
    "environments": [
        {
            "id": 338,
            "name": "%ENV%-%REGION%",
            "rank": 1,
            "owner": {
                "displayName": "YAHIAOUI SOFIANE",
                "url": "https://app.vssps.visualstudio.com/Ae3f6760c-15be-4fbf-8355-748ea734e752/_apis/Identities/d38b69aa-f717-69f5-b804-05c4eb19a8f6",
                "_links": {
                    "avatar": {
                        "href": "https://tfsprodweusu4.visualstudio.com/A5e633e68-a8fb-4da6-b730-be67d3b69326/_apis/GraphProfile/MemberAvatars/aad.ZDM4YjY5YWEtZjcxNy03OWY1LWI4MDQtMDVjNGViMTlhOGY2"
                    }
                },
                "id": "d38b69aa-f717-69f5-b804-05c4eb19a8f6",
                "uniqueName": "sofiane.yahiaoui.microsoft@axa.fr",
                "imageUrl": "https://tfsprodweusu4.visualstudio.com/A5e633e68-a8fb-4da6-b730-be67d3b69326/_api/_common/identityImage?id=d38b69aa-f717-69f5-b804-05c4eb19a8f6",
                "descriptor": "aad.ZDM4YjY5YWEtZjcxNy03OWY1LWI4MDQtMDVjNGViMTlhOGY2"
            },
            "variables": {
                "sqlserverAdminPassword": {
                    "value": "%A_RENSEIGNER%"
                },
                "sqlserverBatchPassword": {
                    "value": "%A_RENSEIGNER%"
                },
                "sqlserverSysAdminPassword": {
                    "value": "%A_RENSEIGNER%"
                },
                "sqlserverUserPassword": {
                    "value": "%A_RENSEIGNER%"
                }
            },
            "variableGroups": [],
            "preDeployApprovals": {
                "approvals": [
                    {
                        "rank": 1,
                        "isAutomated": true,
                        "isNotificationOn": false,
                        "id": 1051
                    }
                ],
                "approvalOptions": {
                    "requiredApproverCount": null,
                    "releaseCreatorCanBeApprover": false,
                    "autoTriggeredAndPreviousEnvironmentApprovedCanBeSkipped": false,
                    "enforceIdentityRevalidation": false,
                    "timeoutInMinutes": 0,
                    "executionOrder": 1
                }
            },
            "deployStep": {
                "id": 1052
            },
            "postDeployApprovals": {
                "approvals": [
                    {
                        "rank": 1,
                        "isAutomated": true,
                        "isNotificationOn": false,
                        "id": 1053
                    }
                ],
                "approvalOptions": {
                    "requiredApproverCount": null,
                    "releaseCreatorCanBeApprover": false,
                    "autoTriggeredAndPreviousEnvironmentApprovedCanBeSkipped": false,
                    "enforceIdentityRevalidation": false,
                    "timeoutInMinutes": 0,
                    "executionOrder": 2
                }
            },
            "deployPhases": [
                {
                    "deploymentInput": {
                        "parallelExecution": {
                            "parallelExecutionType": "none"
                        },
                        "skipArtifactsDownload": false,
                        "artifactsDownloadInput": {
                            "downloadInputs": []
                        },
                        "queueId": 4791,
                        "demands": [
                            "azure_env -equals rec"
                        ],
                        "enableAccessToken": false,
                        "timeoutInMinutes": 0,
                        "jobCancelTimeoutInMinutes": 1,
                        "condition": "succeeded()",
                        "overrideInputs": {}
                    },
                    "rank": 1,
                    "phaseType": 1,
                    "name": "Run on agent",
                    "workflowTasks": [
                        {
                            "taskId": "9ccfb3bb-7ec0-4626-8599-164b1f95f933",
                            "version": "1.*",
                            "name": "Transform \"DEV\" env in \"DVE\" to extract \"DV\" as Environment based on 2 letters",
                            "refName": "VariableTransformTask1",
                            "enabled": true,
                            "alwaysRun": false,
                            "continueOnError": false,
                            "timeoutInMinutes": 0,
                            "definitionType": "task",
                            "overrideInputs": {},
                            "condition": "succeeded()",
                            "inputs": {
                                "value": "$(Release.EnvironmentName)",
                                "variableName": "TEMP_EnvironmentNameTransformed",
                                "transformAction": "none",
                                "encodeOrDecode": "encodeString",
                                "pointInTime": "afterManipulation",
                                "searchReplace": "true",
                                "searchReplaceMethod": "basic",
                                "searchValue": "DEV",
                                "replacementValue": "DVE",
                                "regexOptions": "",
                                "trim": "false",
                                "slice": "false",
                                "sliceLeft": "",
                                "sliceRight": "",
                                "substring": "false",
                                "substringType": "",
                                "substringStart": "",
                                "substringLength": "",
                                "casing": "false",
                                "casingType": "",
                                "pad": "false",
                                "padType": "left",
                                "padChar": "",
                                "padLength": ""
                            }
                        },
                        {
                            "taskId": "9ccfb3bb-7ec0-4626-8599-164b1f95f933",
                            "version": "1.*",
                            "name": "Get Environment on 2 letters lower case from Environment name",
                            "refName": "VariableTransformTask2",
                            "enabled": true,
                            "alwaysRun": false,
                            "continueOnError": false,
                            "timeoutInMinutes": 0,
                            "definitionType": "task",
                            "overrideInputs": {},
                            "condition": "succeeded()",
                            "inputs": {
                                "value": "$(TEMP_EnvironmentNameTransformed)",
                                "variableName": "TEMP_Environment2Letters",
                                "transformAction": "none",
                                "encodeOrDecode": "encodeString",
                                "pointInTime": "afterManipulation",
                                "searchReplace": "false",
                                "searchReplaceMethod": "basic",
                                "searchValue": "",
                                "replacementValue": "",
                                "regexOptions": "",
                                "trim": "false",
                                "slice": "false",
                                "sliceLeft": "",
                                "sliceRight": "",
                                "substring": "true",
                                "substringType": "left",
                                "substringStart": "",
                                "substringLength": "2",
                                "casing": "true",
                                "casingType": "toLower",
                                "pad": "false",
                                "padType": "left",
                                "padChar": "",
                                "padLength": ""
                            }
                        },
                        {
                            "taskId": "9ccfb3bb-7ec0-4626-8599-164b1f95f933",
                            "version": "1.*",
                            "name": "Get location on 3 letters lower case from Environment name",
                            "refName": "VariableTransformTask3",
                            "enabled": true,
                            "alwaysRun": false,
                            "continueOnError": false,
                            "timeoutInMinutes": 0,
                            "definitionType": "task",
                            "overrideInputs": {},
                            "condition": "succeeded()",
                            "inputs": {
                                "value": "$(TEMP_EnvironmentNameTransformed)",
                                "variableName": "TEMP_Location3Letters",
                                "transformAction": "none",
                                "encodeOrDecode": "encodeString",
                                "pointInTime": "afterManipulation",
                                "searchReplace": "false",
                                "searchReplaceMethod": "basic",
                                "searchValue": "",
                                "replacementValue": "",
                                "regexOptions": "",
                                "trim": "false",
                                "slice": "false",
                                "sliceLeft": "",
                                "sliceRight": "",
                                "substring": "true",
                                "substringType": "right",
                                "substringStart": "",
                                "substringLength": "3",
                                "casing": "true",
                                "casingType": "toLower",
                                "pad": "false",
                                "padType": "left",
                                "padChar": "",
                                "padLength": ""
                            }
                        },
                        {
                            "taskId": "3ca44a28-62de-4c60-8d77-a99065b95a8a",
                            "version": "1.*",
                            "name": "Set variable: ENV_ResourceGroupName to: 'z-afa-$(GLOBAL_ProjectName_4letters)-$(GLOBAL_AppName_4letters)-$(TEMP_Environment2Letters)$(GLOBAL_Corridor)-$(TEMP_Location3Letters)-rgp$(GLOBAL_IdRG)'",
                            "refName": "",
                            "enabled": true,
                            "alwaysRun": false,
                            "continueOnError": false,
                            "timeoutInMinutes": 0,
                            "definitionType": "task",
                            "overrideInputs": {},
                            "condition": "succeeded()",
                            "inputs": {
                                "VariableName": "ENV_ResourceGroupName",
                                "Value": "z-afa-$(GLOBAL_ProjectName_4letters)-$(GLOBAL_AppName_4letters)-$(TEMP_Environment2Letters)$(GLOBAL_Corridor)-$(TEMP_Location3Letters)-rgp$(GLOBAL_IdRG)"
                            }
                        },
                        {
                            "taskId": "3ca44a28-62de-4c60-8d77-a99065b95a8a",
                            "version": "1.*",
                            "name": "Set variable: BACKUP_ResourceGroupName to: 'z-afa-$(GLOBAL_ProjectName_4letters)-$(GLOBAL_AppName_4letters)-$(TEMP_Environment2Letters)$(GLOBAL_Corridor)-$(TEMP_Location3Letters)-rgp$(BACKUP_IdRG)'",
                            "refName": "VariableSetTask4",
                            "enabled": true,
                            "alwaysRun": false,
                            "continueOnError": false,
                            "timeoutInMinutes": 0,
                            "definitionType": "task",
                            "overrideInputs": {},
                            "condition": "succeeded()",
                            "inputs": {
                                "VariableName": "BACKUP_ResourceGroupName",
                                "Value": "z-afa-$(GLOBAL_ProjectName_4letters)-$(GLOBAL_AppName_4letters)-$(TEMP_Environment2Letters)$(GLOBAL_Corridor)-$(TEMP_Location3Letters)-rgp$(BACKUP_IdRG)"
                            }
                        },
                        {
                            "taskId": "3ca44a28-62de-4c60-8d77-a99065b95a8a",
                            "version": "1.*",
                            "name": "Set variable: ENV_StorageAccount_Project to: '$(TEMP_Environment2Letters)$(GLOBAL_Corridor)$(TEMP_Location3Letters)rm$(GLOBAL_ProjectName_4letters)$(GLOBAL_AppName_4letters)sa$(GLOBAL_IdRG)'",
                            "refName": "VariableSetTask5",
                            "enabled": true,
                            "alwaysRun": false,
                            "continueOnError": false,
                            "timeoutInMinutes": 0,
                            "definitionType": "task",
                            "overrideInputs": {},
                            "condition": "succeeded()",
                            "inputs": {
                                "VariableName": "ENV_StorageAccount_Project",
                                "Value": "$(TEMP_Environment2Letters)$(GLOBAL_Corridor)$(TEMP_Location3Letters)rm$(GLOBAL_ProjectName_4letters)$(GLOBAL_AppName_4letters)sa$(GLOBAL_IdRG)"
                            }
                        },
                        {
                            "taskId": "3ca44a28-62de-4c60-8d77-a99065b95a8a",
                            "version": "1.*",
                            "name": "Set variable: BACKUP_StorageAccount_Project to: '$(TEMP_Environment2Letters)$(GLOBAL_Corridor)$(TEMP_Location3Letters)backup$(GLOBAL_AppName_4letters)sa$(BACKUP_IdRG)'",
                            "refName": "",
                            "enabled": true,
                            "alwaysRun": false,
                            "continueOnError": false,
                            "timeoutInMinutes": 0,
                            "definitionType": "task",
                            "overrideInputs": {},
                            "condition": "succeeded()",
                            "inputs": {
                                "VariableName": "BACKUP_StorageAccount_Project",
                                "Value": "$(TEMP_Environment2Letters)$(GLOBAL_Corridor)$(TEMP_Location3Letters)backup$(GLOBAL_AppName_4letters)sa$(BACKUP_IdRG)"
                            }
                        },
                        {
                            "taskId": "9ccfb3bb-7ec0-4626-8599-164b1f95f933",
                            "version": "1.*",
                            "name": "Search 'EW1' on $(TEMP_Location3Letters)' and replace by 'West Europe'. Assign it to variable: GLOBAL_AzureRegion",
                            "refName": "VariableTransformTask6",
                            "enabled": true,
                            "alwaysRun": false,
                            "continueOnError": false,
                            "timeoutInMinutes": 0,
                            "definitionType": "task",
                            "overrideInputs": {},
                            "condition": "succeeded()",
                            "inputs": {
                                "value": "$(TEMP_Location3Letters)",
                                "variableName": "GLOBAL_AzureRegion",
                                "transformAction": "none",
                                "encodeOrDecode": "encodeString",
                                "pointInTime": "afterManipulation",
                                "searchReplace": "true",
                                "searchReplaceMethod": "basic",
                                "searchValue": "ew1",
                                "replacementValue": "West Europe",
                                "regexOptions": "",
                                "trim": "false",
                                "slice": "false",
                                "sliceLeft": "",
                                "sliceRight": "",
                                "substring": "false",
                                "substringType": "",
                                "substringStart": "",
                                "substringLength": "",
                                "casing": "false",
                                "casingType": "",
                                "pad": "false",
                                "padType": "left",
                                "padChar": "",
                                "padLength": ""
                            }
                        },
                        {
                            "taskId": "9ccfb3bb-7ec0-4626-8599-164b1f95f933",
                            "version": "1.*",
                            "name": "Search 'EN1' on $(GLOBAL_AzureRegion)' and replace by 'North Europe'. Assign it to variable: GLOBAL_AzureRegion",
                            "refName": "VariableTransformTask7",
                            "enabled": true,
                            "alwaysRun": false,
                            "continueOnError": false,
                            "timeoutInMinutes": 0,
                            "definitionType": "task",
                            "overrideInputs": {},
                            "condition": "succeeded()",
                            "inputs": {
                                "value": "$(GLOBAL_AzureRegion)",
                                "variableName": "GLOBAL_AzureRegion",
                                "transformAction": "none",
                                "encodeOrDecode": "encodeString",
                                "pointInTime": "afterManipulation",
                                "searchReplace": "true",
                                "searchReplaceMethod": "basic",
                                "searchValue": "en1",
                                "replacementValue": "North Europe",
                                "regexOptions": "",
                                "trim": "false",
                                "slice": "false",
                                "sliceLeft": "",
                                "sliceRight": "",
                                "substring": "false",
                                "substringType": "",
                                "substringStart": "",
                                "substringLength": "",
                                "casing": "false",
                                "casingType": "",
                                "pad": "false",
                                "padType": "left",
                                "padChar": "",
                                "padLength": ""
                            }
                        },
                        {
                            "taskId": "9ccfb3bb-7ec0-4626-8599-164b1f95f933",
                            "version": "1.*",
                            "name": "Get Environment name (fulltext)",
                            "refName": "VariableTransformTask8",
                            "enabled": true,
                            "alwaysRun": false,
                            "continueOnError": false,
                            "timeoutInMinutes": 0,
                            "definitionType": "task",
                            "overrideInputs": {},
                            "condition": "succeeded()",
                            "inputs": {
                                "value": "$(Release.EnvironmentName)",
                                "variableName": "TEMP_EnvironmentName",
                                "transformAction": "none",
                                "encodeOrDecode": "encodeString",
                                "pointInTime": "afterManipulation",
                                "searchReplace": "false",
                                "searchReplaceMethod": "basic",
                                "searchValue": "",
                                "replacementValue": "",
                                "regexOptions": "",
                                "trim": "false",
                                "slice": "true",
                                "sliceLeft": "0",
                                "sliceRight": "-4",
                                "substring": "false",
                                "substringType": "",
                                "substringStart": "",
                                "substringLength": "",
                                "casing": "false",
                                "casingType": "",
                                "pad": "false",
                                "padType": "left",
                                "padChar": "",
                                "padLength": ""
                            }
                        },
                        {
                            "taskId": "3ca44a28-62de-4c60-8d77-a99065b95a8a",
                            "version": "1.*",
                            "name": "Set variable: GLOBAL_IdRG to: '01'",
                            "refName": "VariableSetTask9",
                            "enabled": true,
                            "alwaysRun": false,
                            "continueOnError": false,
                            "timeoutInMinutes": 0,
                            "definitionType": "task",
                            "overrideInputs": {},
                            "condition": "succeeded()",
                            "inputs": {
                                "VariableName": "GLOBAL_IdRG",
                                "Value": "01"
                            }
                        },
                        {
                            "taskId": "3ca44a28-62de-4c60-8d77-a99065b95a8a",
                            "version": "1.*",
                            "name": "Set variable: BACKUP_IdRG to: '99'",
                            "refName": "",
                            "enabled": true,
                            "alwaysRun": false,
                            "continueOnError": false,
                            "timeoutInMinutes": 0,
                            "definitionType": "task",
                            "overrideInputs": {},
                            "condition": "succeeded()",
                            "inputs": {
                                "VariableName": "BACKUP_IdRG",
                                "Value": "99"
                            }
                        },
                        {
                            "taskId": "3ca44a28-62de-4c60-8d77-a99065b95a8a",
                            "version": "1.*",
                            "name": "Set variable: GLOBAL_Corridor to: 'a'",
                            "refName": "VariableSetTask10",
                            "enabled": true,
                            "alwaysRun": false,
                            "continueOnError": false,
                            "timeoutInMinutes": 0,
                            "definitionType": "task",
                            "overrideInputs": {},
                            "condition": "succeeded()",
                            "inputs": {
                                "VariableName": "GLOBAL_Corridor",
                                "Value": "a"
                            }
                        },
                        {
                            "taskId": "4a80e4d4-057e-40ff-8d22-566b076b3eac",
                            "version": "1.*",
                            "name": "Get latest Common ARM Templates container name from storageaccount ",
                            "refName": "AXAARMTemplateSelector_2",
                            "enabled": true,
                            "alwaysRun": false,
                            "continueOnError": false,
                            "timeoutInMinutes": 0,
                            "definitionType": "task",
                            "overrideInputs": {},
                            "condition": "succeeded()",
                            "inputs": {
                                "ConnectedServiceName": "",
                                "ResourceGroupName": "$(GLOBAL_StorageAccount_ResourceGroupName)",
                                "StorageAccountRM": "$(GLOBAL_StorageAccount_Common)",
                                "ContainerName": ""
                            }
                        },
                        {
                            "taskId": "9e0b2bda-6a8d-4215-8e8c-3d47614db813",
                            "version": "1.*",
                            "name": "Create SAS Token for Common ARM Templates Storage Account",
                            "refName": "createsastoken_3",
                            "enabled": true,
                            "alwaysRun": false,
                            "continueOnError": false,
                            "timeoutInMinutes": 0,
                            "definitionType": "task",
                            "overrideInputs": {},
                            "condition": "succeeded()",
                            "inputs": {
                                "ConnectedServiceName": "",
                                "StorageAccountRM": "$(GLOBAL_StorageAccount_Common)",
                                "SasTokenTimeOutInHours": "2",
                                "Permission": "r",
                                "StorageContainerName": "$(CommonArmTemplatesContainerName)",
                                "outputStorageUri": "TEMP_GLOBAL_StorageAccount_Common_Uri",
                                "outputStorageContainerSasToken": "TEMP_GLOBAL_StorageAccount_Common_SasToken"
                            }
                        },
                        {
                            "taskId": "4430cb17-fc9e-4396-8fe9-f6abd22cc01d",
                            "version": "1.*",
                            "name": "Apply Axa mandatory tags to Azure resource group ",
                            "refName": "AzureMandatoryPolicies1",
                            "enabled": true,
                            "alwaysRun": false,
                            "continueOnError": false,
                            "timeoutInMinutes": 0,
                            "definitionType": "task",
                            "overrideInputs": {},
                            "condition": "succeeded()",
                            "inputs": {
                                "ConnectedServiceName": "",
                                "resourceGroupName": "$(ENV_ResourceGroupName)",
                                "location": "$(GLOBAL_AzureRegion)",
                                "Opco": "AFA",
                                "Env": "%A_RENSEIGNER%",
                                "Dcs": "%A_RENSEIGNER%",
                                "Project": "%A_RENSEIGNER%",
                                "App": "%A_RENSEIGNER%"
                            }
                        },
                        {
                            "taskId": "94a74903-f93f-4075-884f-dc11f34058b4",
                            "version": "2.*",
                            "name": "Create Storage Account to host Project ARM Parameters json",
                            "refName": "AzureResourceGroupDeployment1",
                            "enabled": true,
                            "alwaysRun": false,
                            "continueOnError": false,
                            "timeoutInMinutes": 0,
                            "definitionType": "task",
                            "overrideInputs": {},
                            "condition": "succeeded()",
                            "inputs": {
                                "ConnectedServiceName": "",
                                "action": "Create Or Update Resource Group",
                                "resourceGroupName": "$(ENV_ResourceGroupName)",
                                "location": "$(GLOBAL_AzureRegion)",
                                "templateLocation": "URL of the file",
                                "csmFileLink": "$(TEMP_GLOBAL_StorageAccount_Common_Uri)/StorageAccount/sa-template.json$(TEMP_GLOBAL_StorageAccount_Common_SasToken)",
                                "csmParametersFileLink": "",
                                "csmFile": "",
                                "csmParametersFile": "",
                                "overrideParameters": "-storageAccountName $(ENV_StorageAccount_Project)",
                                "deploymentMode": "Incremental",
                                "enableDeploymentPrerequisites": "None",
                                "deploymentGroupEndpoint": "",
                                "project": "",
                                "deploymentGroupName": "",
                                "copyAzureVMTags": "true",
                                "outputVariable": "",
                                "deploymentOutputs": ""
                            }
                        },
                        {
                            "taskId": "94a74903-f93f-4075-884f-dc11f34058b4",
                            "version": "2.*",
                            "name": "Create Storage Account to host Database BACKUP",
                            "refName": "",
                            "enabled": true,
                            "alwaysRun": false,
                            "continueOnError": false,
                            "timeoutInMinutes": 0,
                            "definitionType": "task",
                            "overrideInputs": {},
                            "condition": "succeeded()",
                            "inputs": {
                                "ConnectedServiceName": "",
                                "action": "Create Or Update Resource Group",
                                "resourceGroupName": "$(BACKUP_ResourceGroupName)",
                                "location": "$(GLOBAL_AzureRegion)",
                                "templateLocation": "URL of the file",
                                "csmFileLink": "$(TEMP_GLOBAL_StorageAccount_Common_Uri)/StorageAccount/sa-template.json$(TEMP_GLOBAL_StorageAccount_Common_SasToken)",
                                "csmParametersFileLink": "",
                                "csmFile": "",
                                "csmParametersFile": "",
                                "overrideParameters": "-storageAccountName $(BACKUP_StorageAccount_Project) -StorageType \"Standard_GRS\"",
                                "deploymentMode": "Incremental",
                                "enableDeploymentPrerequisites": "None",
                                "deploymentGroupEndpoint": "",
                                "project": "",
                                "deploymentGroupName": "",
                                "copyAzureVMTags": "true",
                                "outputVariable": "",
                                "deploymentOutputs": ""
                            }
                        },
                        {
                            "taskId": "9e0b2bda-6a8d-4215-8e8c-3d47614db813",
                            "version": "1.*",
                            "name": "Create SAS Token for Project ARM Parameters json Storage Account",
                            "refName": "createsastoken2",
                            "enabled": true,
                            "alwaysRun": false,
                            "continueOnError": false,
                            "timeoutInMinutes": 0,
                            "definitionType": "task",
                            "overrideInputs": {},
                            "condition": "succeeded()",
                            "inputs": {
                                "ConnectedServiceName": "",
                                "StorageAccountRM": "$(ENV_StorageAccount_Project)",
                                "SasTokenTimeOutInHours": "2",
                                "Permission": "rw",
                                "StorageContainerName": "arm-$(Release.ReleaseId)",
                                "outputStorageUri": "TEMP_ENV_StorageAccount_Project_Uri",
                                "outputStorageContainerSasToken": "TEMP_ENV_StorageAccount_Project_SasToken"
                            }
                        },
                        {
                            "taskId": "a8515ec8-7254-4ffd-912c-86772e2b5962",
                            "version": "1.*",
                            "name": "Replace #{variables}# in parameters templates",
                            "refName": "replacetokens1",
                            "enabled": true,
                            "alwaysRun": false,
                            "continueOnError": false,
                            "timeoutInMinutes": 0,
                            "definitionType": "task",
                            "overrideInputs": {},
                            "condition": "succeeded()",
                            "inputs": {
                                "rootDirectory": "$(System.DefaultWorkingDirectory)/$(Build.DefinitionName)/$(Build.DefinitionName)-Artifact/Scripts/Release",
                                "targetFiles": "**\\main-$(Release.EnvironmentName)-parameters.json",
                                "encoding": "auto",
                                "writeBOM": "true",
                                "actionOnMissing": "warn",
                                "keepToken": "true",
                                "tokenPrefix": "#{",
                                "tokenSuffix": "}#"
                            }
                        },
                        {
                            "taskId": "eb72cb01-a7e5-427b-a8a1-1b31ccac8a43",
                            "version": "1.*",
                            "name": "Copy ARM Parameters json from VSTS to Project Azure Storage created",
                            "refName": "AzureFileCopy3",
                            "enabled": true,
                            "alwaysRun": false,
                            "continueOnError": false,
                            "timeoutInMinutes": 0,
                            "definitionType": "task",
                            "overrideInputs": {},
                            "condition": "succeeded()",
                            "inputs": {
                                "SourcePath": "$(System.DefaultWorkingDirectory)/$(Build.DefinitionName)/$(Build.DefinitionName)-Artifact/Scripts",
                                "ConnectedServiceNameSelector": "ConnectedServiceNameARM",
                                "ConnectedServiceName": "",
                                "ConnectedServiceNameARM": "",
                                "Destination": "AzureBlob",
                                "StorageAccount": "",
                                "StorageAccountRM": "$(ENV_StorageAccount_Project)",
                                "ContainerName": "arm-$(Release.ReleaseId)",
                                "BlobPrefix": "",
                                "EnvironmentName": "",
                                "EnvironmentNameRM": "",
                                "ResourceFilteringMethod": "machineNames",
                                "MachineNames": "",
                                "vmsAdminUserName": "",
                                "vmsAdminPassword": "",
                                "TargetPath": "",
                                "AdditionalArguments": "",
                                "enableCopyPrerequisites": "false",
                                "CopyFilesInParallel": "true",
                                "CleanTargetBeforeCopy": "false",
                                "skipCACheck": "true",
                                "outputStorageUri": "",
                                "outputStorageContainerSasToken": ""
                            }
                        },
                        {
                            "taskId": "94a74903-f93f-4075-884f-dc11f34058b4",
                            "version": "2.*",
                            "name": "Deploy Project Azure Resources using Common template & Project parameters template",
                            "refName": "AzureResourceGroupDeployment_8",
                            "enabled": true,
                            "alwaysRun": false,
                            "continueOnError": false,
                            "timeoutInMinutes": 0,
                            "definitionType": "task",
                            "overrideInputs": {},
                            "condition": "succeeded()",
                            "inputs": {
                                "ConnectedServiceName": "",
                                "action": "Create Or Update Resource Group",
                                "resourceGroupName": "$(ENV_ResourceGroupName)",
                                "location": "$(GLOBAL_AzureRegion)",
                                "templateLocation": "URL of the file",
                                "csmFileLink": "$(TEMP_GLOBAL_StorageAccount_Common_Uri)/main.json$(TEMP_GLOBAL_StorageAccount_Common_SasToken)",
                                "csmParametersFileLink": "$(TEMP_ENV_StorageAccount_Project_Uri)/Release/main-$(Release.EnvironmentName)-parameters.json$(TEMP_ENV_StorageAccount_Project_SasToken)",
                                "csmFile": "$(System.DefaultWorkingDirectory)/workshopARM-ci/common-Artifacts/StorageAccount/sa-template.json",
                                "csmParametersFile": "$(System.DefaultWorkingDirectory)/workshopARM-ci/common-Artifacts/StorageAccount/sa-parameters.json",
                                "overrideParameters": "-appName $(GLOBAL_AppName_4letters) -environment $(TEMP_Environment2Letters) -sqlserverSysAdminPassword $(sqlserverSysAdminPassword) -sqlserverUserPassword $(sqlserverUserPassword) -blobStorageCommonSasToken $(TEMP_GLOBAL_StorageAccount_Common_SasToken) -idResourceGroup $(GLOBAL_IdRG) -location $(TEMP_Location3Letters) -corridor $(GLOBAL_Corridor)",
                                "deploymentMode": "Incremental",
                                "enableDeploymentPrerequisites": "None",
                                "deploymentGroupEndpoint": "",
                                "project": "",
                                "deploymentGroupName": "",
                                "copyAzureVMTags": "true",
                                "outputVariable": "",
                                "deploymentOutputs": ""
                            }
                        },
                        {
                            "taskId": "d66b2794-5008-46fc-ad96-77d90c2e5615",
                            "version": "1.*",
                            "name": "Copy Folder \"StorageAccount/Containers\" from Common Azure Storage",
                            "refName": "",
                            "enabled": true,
                            "alwaysRun": false,
                            "continueOnError": false,
                            "timeoutInMinutes": 0,
                            "definitionType": "task",
                            "overrideInputs": {},
                            "condition": "succeeded()",
                            "inputs": {
                                "SourceKind": "Storage",
                                "SourcePath": "",
                                "SourceConnectedServiceName": "",
                                "SourceAccount": "$(GLOBAL_StorageAccount_Common)",
                                "SourceObject": "$(CommonArmTemplatesContainerName)/StorageAccount/Containers",
                                "DestinationKind": "FileSystem",
                                "DestinationPath": "$(System.DefaultWorkingDirectory)/$(Build.DefinitionName)/StorageAccount/Containers",
                                "DestinationConnectedServiceName": "",
                                "DestinationAccount": "",
                                "DestinationObject": "",
                                "Recursive": "true",
                                "Pattern": "",
                                "ExcludeNewer": "false",
                                "ExcludeOlder": "false",
                                "Arguments": ""
                            }
                        },
                        {
                            "taskId": "72a1931b-effb-4d2e-8fd8-f8472a07cb62",
                            "version": "2.*",
                            "name": "Delete Project Containers",
                            "refName": "",
                            "enabled": true,
                            "alwaysRun": false,
                            "continueOnError": false,
                            "timeoutInMinutes": 0,
                            "definitionType": "task",
                            "overrideInputs": {},
                            "condition": "succeeded()",
                            "inputs": {
                                "ConnectedServiceNameSelector": "ConnectedServiceNameARM",
                                "ConnectedServiceName": "",
                                "ConnectedServiceNameARM": "",
                                "ScriptType": "FilePath",
                                "ScriptPath": "$(System.DefaultWorkingDirectory)/$(Build.DefinitionName)/StorageAccount/Containers/DeleteContainers.ps1",
                                "Inline": "# You can write your azure powershell scripts inline here. \n# You can also pass predefined and custom variables to this script using arguments",
                                "ScriptArguments": "-resourceGroupName \"$(ENV_ResourceGroupName)\" -storageAccountName \"$(ENV_StorageAccount_Project)\"",
                                "TargetAzurePs": "LatestVersion",
                                "CustomTargetAzurePs": ""
                            }
                        },
                        {
                            "taskId": "d66b2794-5008-46fc-ad96-77d90c2e5615",
                            "version": "1.*",
                            "name": "Copy Folder \"SqlOrchestrator\" from Common Azure Storage",
                            "refName": "AzCopy_9",
                            "enabled": true,
                            "alwaysRun": false,
                            "continueOnError": false,
                            "timeoutInMinutes": 0,
                            "definitionType": "task",
                            "overrideInputs": {},
                            "condition": "succeeded()",
                            "inputs": {
                                "SourceKind": "Storage",
                                "SourcePath": "",
                                "SourceConnectedServiceName": "",
                                "SourceAccount": "$(GLOBAL_StorageAccount_Common)",
                                "SourceObject": "$(CommonArmTemplatesContainerName)/SqlOrchestrator",
                                "DestinationKind": "FileSystem",
                                "DestinationPath": "$(System.DefaultWorkingDirectory)/$(Build.DefinitionName)/SqlOrchestrator",
                                "DestinationConnectedServiceName": "",
                                "DestinationAccount": "",
                                "DestinationObject": "",
                                "Recursive": "true",
                                "Pattern": "",
                                "ExcludeNewer": "false",
                                "ExcludeOlder": "false",
                                "Arguments": ""
                            }
                        },
                        {
                            "taskId": "d66b2794-5008-46fc-ad96-77d90c2e5615",
                            "version": "1.*",
                            "name": "Copy Folder \"BackupRestore\" from Common Azure Storage",
                            "refName": "",
                            "enabled": true,
                            "alwaysRun": false,
                            "continueOnError": false,
                            "timeoutInMinutes": 0,
                            "definitionType": "task",
                            "overrideInputs": {},
                            "condition": "succeeded()",
                            "inputs": {
                                "SourceKind": "Storage",
                                "SourcePath": "",
                                "SourceConnectedServiceName": "",
                                "SourceAccount": "$(GLOBAL_StorageAccount_Common)",
                                "SourceObject": "$(CommonArmTemplatesContainerName)/BackupRestore",
                                "DestinationKind": "FileSystem",
                                "DestinationPath": "$(System.DefaultWorkingDirectory)/$(Build.DefinitionName)/BackupRestore",
                                "DestinationConnectedServiceName": "",
                                "DestinationAccount": "",
                                "DestinationObject": "",
                                "Recursive": "true",
                                "Pattern": "",
                                "ExcludeNewer": "false",
                                "ExcludeOlder": "false",
                                "Arguments": ""
                            }
                        },
                        {
                            "taskId": "72a1931b-effb-4d2e-8fd8-f8472a07cb62",
                            "version": "2.*",
                            "name": "Outputs sqlDBServer",
                            "refName": "AzurePowerShell_10",
                            "enabled": true,
                            "alwaysRun": false,
                            "continueOnError": false,
                            "timeoutInMinutes": 0,
                            "definitionType": "task",
                            "overrideInputs": {},
                            "condition": "succeeded()",
                            "inputs": {
                                "ConnectedServiceNameSelector": "ConnectedServiceNameARM",
                                "ConnectedServiceName": "",
                                "ConnectedServiceNameARM": "",
                                "ScriptType": "FilePath",
                                "ScriptPath": "$(System.DefaultWorkingDirectory)/$(Build.DefinitionName)/SqlOrchestrator/arm-outputs-sqlDBServer.ps1",
                                "Inline": "Write-Verbose \"Entering script arm-outputs.ps1\"\n \nWrite-Debug \"ResourceGroupName= $resourceGroupName\"\n\n\n$lastResourceGroupDeployment = Get-AzureRmResourceGroupDeployment -ResourceGroupName $resourceGroupName -Name \"sqlDBServer\" | Sort Timestamp -Descending | Select -First 1 \n\n$result = $lastResourceGroupDeployment.Outputs.dataBaseInfos.Value.ToString() | ConvertFrom-Json\n\n\nif(!$lastResourceGroupDeployment)\n{\n    throw \"Deployment could not be found for Resource Group '$resourceGroupName'.\"\n}\n\nif",
                                "ScriptArguments": "-resourceGroupName \"$(ENV_ResourceGroupName)\"",
                                "TargetAzurePs": "LatestVersion",
                                "CustomTargetAzurePs": ""
                            }
                        },
                        {
                            "taskId": "72a1931b-effb-4d2e-8fd8-f8472a07cb62",
                            "version": "2.*",
                            "name": "restore Database Dacpac",
                            "refName": "",
                            "enabled": true,
                            "alwaysRun": false,
                            "continueOnError": false,
                            "timeoutInMinutes": 0,
                            "definitionType": "task",
                            "overrideInputs": {},
                            "condition": "succeeded()",
                            "inputs": {
                                "ConnectedServiceNameSelector": "ConnectedServiceNameARM",
                                "ConnectedServiceName": "",
                                "ConnectedServiceNameARM": "",
                                "ScriptType": "FilePath",
                                "ScriptPath": "$(System.DefaultWorkingDirectory)/$(Build.DefinitionName)/BackupRestore/ImportDacpac.ps1",
                                "Inline": "Write-Verbose \"Entering script arm-outputs.ps1\"\n \nWrite-Debug \"ResourceGroupName= $resourceGroupName\"\n\n\n$lastResourceGroupDeployment = Get-AzureRmResourceGroupDeployment -ResourceGroupName $resourceGroupName -Name \"sqlDBServer\" | Sort Timestamp -Descending | Select -First 1 \n\n$result = $lastResourceGroupDeployment.Outputs.dataBaseInfos.Value.ToString() | ConvertFrom-Json\n\n\nif(!$lastResourceGroupDeployment)\n{\n    throw \"Deployment could not be found for Resource Group '$resourceGroupName'.\"\n}\n\nif",
                                "ScriptArguments": "-targetServerName \"$(sqlServerName)\" -targetDatabase \"$(sqlDatabaseName)\" -targetSqlUserSysAdmin \"$(sqlserverSysAdminLogin)@$(sqlServerName).database.windows.net\" -targetSqlPasswordSysAdmin (ConvertTo-SecureString -String '$(sqlserverSysAdminPassword)' -AsPlainText -Force) -sourcePathBacpac \"$(System.DefaultWorkingDirectory)\\$(sqlDatabaseName).dacpac\" -rgName $(BACKUP_ResourceGroupName) -storageAccountName $(BACKUP_StorageAccount_Project) -containerName \"dacpac\" -ExcludeObjectTypes \"Users;DatabaseRoles\"",
                                "TargetAzurePs": "LatestVersion",
                                "CustomTargetAzurePs": ""
                            }
                        },
                        {
                            "taskId": "72a1931b-effb-4d2e-8fd8-f8472a07cb62",
                            "version": "2.*",
                            "name": "SqlOrchestrator",
                            "refName": "AzurePowerShell_11",
                            "enabled": true,
                            "alwaysRun": false,
                            "continueOnError": false,
                            "timeoutInMinutes": 0,
                            "definitionType": "task",
                            "overrideInputs": {},
                            "condition": "succeeded()",
                            "inputs": {
                                "ConnectedServiceNameSelector": "ConnectedServiceNameARM",
                                "ConnectedServiceName": "",
                                "ConnectedServiceNameARM": "",
                                "ScriptType": "FilePath",
                                "ScriptPath": "$(System.DefaultWorkingDirectory)/$(Build.DefinitionName)/SqlOrchestrator/Sql_Orchestrator.ps1",
                                "Inline": "# You can write your azure powershell scripts inline here. \n# You can also pass predefined and custom variables to this script using arguments",
                                "ScriptArguments": "-serverName \"$(sqlServerName).database.windows.net\" -databaseName \"$(sqlDatabaseName)\" -sqlUserSysAdmin \"$(sqlserverSysAdminLogin)@$(sqlServerName).database.windows.net\" -sqlPasswordSysAdmin (ConvertTo-SecureString -String '$(sqlserverSysAdminPassword)' -AsPlainText -Force) -sqlPasswordAdmin (ConvertTo-SecureString -String '$(sqlserverAdminPassword)' -AsPlainText -Force) -sqlPasswordUser (ConvertTo-SecureString -String  '$(sqlserverUserPassword)' -AsPlainText -Force) -sqlPasswordBatch (ConvertTo-SecureString -String '$(sqlserverBatchPassword)' -AsPlainText -Force) -pathsqlmaster \"$(System.DefaultWorkingDirectory)/$(Build.DefinitionName)/SqlOrchestrator/01_login.sql\" -pathsqldatabase \"$(System.DefaultWorkingDirectory)/$(Build.DefinitionName)/SqlOrchestrator/02_sch_roles.sql\" -directorysql \"$(System.DefaultWorkingDirectory)/$(Build.DefinitionName)/$(Build.DefinitionName)-Artifact/Scripts/sql/R1_Azure\" -pathsqlapplicatifs \"$(System.DefaultWorkingDirectory)/$(Build.DefinitionName)/SqlOrchestrator/runSqlScriptsAzure.ps1\"",
                                "TargetAzurePs": "LatestVersion",
                                "CustomTargetAzurePs": ""
                            }
                        },
                        {
                            "taskId": "497d490f-eea7-4f2b-ab94-48d9c1acdcb1",
                            "version": "3.*",
                            "name": "Azure App Service Deploy: %A_RENSEIGNER%",
                            "refName": "AzureRmWebAppDeployment1",
                            "enabled": true,
                            "alwaysRun": false,
                            "continueOnError": false,
                            "timeoutInMinutes": 0,
                            "definitionType": "task",
                            "overrideInputs": {},
                            "condition": "succeeded()",
                            "inputs": {
                                "ConnectedServiceName": "",
                                "WebAppKind": "app",
                                "WebAppName": "%A_RENSEIGNER%",
                                "DeployToSlotFlag": "false",
                                "ResourceGroupName": "",
                                "SlotName": "",
                                "ImageSource": "Registry",
                                "AzureContainerRegistry": "",
                                "AzureContainerRegistryLoginServer": "",
                                "AzureContainerRegistryImage": "",
                                "AzureContainerRegistryTag": "",
                                "DockerRepositoryAccess": "public",
                                "RegistryConnectedServiceName": "",
                                "PrivateRegistryImage": "",
                                "PrivateRegistryTag": "",
                                "DockerNamespace": "",
                                "DockerRepository": "",
                                "DockerImageTag": "",
                                "VirtualApplication": "",
                                "Package": "$(System.DefaultWorkingDirectory)/$(Build.DefinitionName)/$(Build.DefinitionName)-Artifact/WebDeployPackage/%A_RENSEIGNER%.zip",
                                "BuiltinLinuxPackage": "$(System.DefaultWorkingDirectory)/**/*.zip",
                                "RuntimeStack": "node|4.4",
                                "StartupCommand": "",
                                "WebAppUri": "",
                                "ScriptType": "",
                                "InlineScript": ":: You can provide your deployment commands here. One command per line.",
                                "ScriptPath": "",
                                "GenerateWebConfig": "false",
                                "WebConfigParameters": "",
                                "AppSettings": "",
                                "ConfigurationSettings": "",
                                "TakeAppOfflineFlag": "false",
                                "UseWebDeploy": "true",
                                "SetParametersFile": "",
                                "RemoveAdditionalFilesFlag": "true",
                                "ExcludeFilesFromAppDataFlag": "false",
                                "AdditionalArguments": "-allowUntrusted -retryAttempts:3 -retryInterval:6000",
                                "RenameFilesFlag": "false",
                                "XmlTransformation": "false",
                                "XmlVariableSubstitution": "false",
                                "JSONFiles": ""
                            }
                        }
                    ]
                }
            ],
            "environmentOptions": {
                "emailNotificationType": "OnlyOnFailure",
                "emailRecipients": "release.environment.owner;release.creator",
                "skipArtifactsDownload": false,
                "timeoutInMinutes": 0,
                "enableAccessToken": false,
                "publishDeploymentStatus": false,
                "badgeEnabled": false,
                "autoLinkWorkItems": false,
                "pullRequestDeploymentEnabled": false
            },
            "demands": [],
            "conditions": [],
            "executionPolicy": {
                "concurrencyCount": 0,
                "queueDepthCount": 0
            },
            "schedules": [],
            "currentRelease": {
                "id": 0,
                "url": "https://axafrance.vsrm.visualstudio.com/DevOps/_apis/Release/releases/0",
                "_links": {}
            },
            "retentionPolicy": {
                "daysToKeep": 30,
                "releasesToKeep": 3,
                "retainBuild": true
            },
            "processParameters": {},
            "properties": {},
            "preDeploymentGates": {
                "id": 0,
                "gatesOptions": null,
                "gates": []
            },
            "postDeploymentGates": {
                "id": 0,
                "gatesOptions": null,
                "gates": []
            },
            "environmentTriggers": [],
            "badgeUrl": "https://rmprodweu1.vsrm.visualstudio.com/A5e633e68-a8fb-4da6-b730-be67d3b69326/_apis/public/Release/badge/ccb10153-812a-4337-8e50-f80b8d3f5a3b/175/338"
        },
        {
            "id": 339,
            "name": "%ENV%-cleanup-%REGION%",
            "rank": 2,
            "owner": {
                "displayName": "YAHIAOUI SOFIANE",
                "url": "https://app.vssps.visualstudio.com/Ae3f6760c-15be-4fbf-8355-748ea734e752/_apis/Identities/d38b69aa-f717-69f5-b804-05c4eb19a8f6",
                "_links": {
                    "avatar": {
                        "href": "https://tfsprodweusu4.visualstudio.com/A5e633e68-a8fb-4da6-b730-be67d3b69326/_apis/GraphProfile/MemberAvatars/aad.ZDM4YjY5YWEtZjcxNy03OWY1LWI4MDQtMDVjNGViMTlhOGY2"
                    }
                },
                "id": "d38b69aa-f717-69f5-b804-05c4eb19a8f6",
                "uniqueName": "sofiane.yahiaoui.microsoft@axa.fr",
                "imageUrl": "https://tfsprodweusu4.visualstudio.com/A5e633e68-a8fb-4da6-b730-be67d3b69326/_api/_common/identityImage?id=d38b69aa-f717-69f5-b804-05c4eb19a8f6",
                "descriptor": "aad.ZDM4YjY5YWEtZjcxNy03OWY1LWI4MDQtMDVjNGViMTlhOGY2"
            },
            "variables": {
                "sqlserverAdminPassword": {
                    "value": "%A_RENSEIGNER%"
                },
                "sqlserverBatchPassword": {
                    "value": "%A_RENSEIGNER%"
                },
                "sqlserverSysAdminPassword": {
                    "value": "%A_RENSEIGNER%"
                },
                "sqlserverUserPassword": {
                    "value": "%A_RENSEIGNER%"
                }
            },
            "variableGroups": [],
            "preDeployApprovals": {
                "approvals": [
                    {
                        "rank": 1,
                        "isAutomated": false,
                        "isNotificationOn": false,
                        "approver": {
                            "displayName": "%A_RENSEIGNER%",
                            "url": "https://app.vssps.visualstudio.com/Ae3f6760c-15be-4fbf-8355-748ea734e752/_apis/Identities/d38b69aa-f717-69f5-b804-05c4eb19a8f6",
                            "_links": {
                                "avatar": {
                                    "href": "https://tfsprodweusu4.visualstudio.com/A5e633e68-a8fb-4da6-b730-be67d3b69326/_apis/GraphProfile/MemberAvatars/aad.ZDM4YjY5YWEtZjcxNy03OWY1LWI4MDQtMDVjNGViMTlhOGY2"
                                }
                            },
                            "id": "d38b69aa-f717-69f5-b804-05c4eb19a8f6",
                            "uniqueName": "%A_RENSEIGNER%",
                            "imageUrl": "https://tfsprodweusu4.visualstudio.com/A5e633e68-a8fb-4da6-b730-be67d3b69326/_api/_common/identityImage?id=d38b69aa-f717-69f5-b804-05c4eb19a8f6",
                            "descriptor": "aad.ZDM4YjY5YWEtZjcxNy03OWY1LWI4MDQtMDVjNGViMTlhOGY2"
                        },
                        "id": 1057
                    }
                ],
                "approvalOptions": {
                    "requiredApproverCount": null,
                    "releaseCreatorCanBeApprover": false,
                    "autoTriggeredAndPreviousEnvironmentApprovedCanBeSkipped": false,
                    "enforceIdentityRevalidation": false,
                    "timeoutInMinutes": 0,
                    "executionOrder": 1
                }
            },
            "deployStep": {
                "id": 1055
            },
            "postDeployApprovals": {
                "approvals": [
                    {
                        "rank": 1,
                        "isAutomated": true,
                        "isNotificationOn": false,
                        "id": 1056
                    }
                ],
                "approvalOptions": {
                    "requiredApproverCount": null,
                    "releaseCreatorCanBeApprover": false,
                    "autoTriggeredAndPreviousEnvironmentApprovedCanBeSkipped": false,
                    "enforceIdentityRevalidation": false,
                    "timeoutInMinutes": 0,
                    "executionOrder": 2
                }
            },
            "deployPhases": [
                {
                    "deploymentInput": {
                        "parallelExecution": {
                            "parallelExecutionType": "none"
                        },
                        "skipArtifactsDownload": false,
                        "artifactsDownloadInput": {
                            "downloadInputs": []
                        },
                        "queueId": 4791,
                        "demands": [
                            "azure_env -equals rec"
                        ],
                        "enableAccessToken": false,
                        "timeoutInMinutes": 0,
                        "jobCancelTimeoutInMinutes": 1,
                        "condition": "succeeded()",
                        "overrideInputs": {}
                    },
                    "rank": 1,
                    "phaseType": 1,
                    "name": "Run on agent",
                    "workflowTasks": [
                        {
                            "taskId": "9ccfb3bb-7ec0-4626-8599-164b1f95f933",
                            "version": "1.*",
                            "name": "Transform \"DEV\" env in \"DVE\" to extract \"DV\" as Environment based on 2 letters",
                            "refName": "VariableTransformTask1",
                            "enabled": true,
                            "alwaysRun": false,
                            "continueOnError": false,
                            "timeoutInMinutes": 0,
                            "definitionType": "task",
                            "overrideInputs": {},
                            "condition": "succeeded()",
                            "inputs": {
                                "value": "$(Release.EnvironmentName)",
                                "variableName": "TEMP_EnvironmentNameTransformed",
                                "transformAction": "none",
                                "encodeOrDecode": "encodeString",
                                "pointInTime": "afterManipulation",
                                "searchReplace": "true",
                                "searchReplaceMethod": "basic",
                                "searchValue": "DEV",
                                "replacementValue": "DVE",
                                "regexOptions": "",
                                "trim": "false",
                                "slice": "false",
                                "sliceLeft": "",
                                "sliceRight": "",
                                "substring": "false",
                                "substringType": "",
                                "substringStart": "",
                                "substringLength": "",
                                "casing": "false",
                                "casingType": "",
                                "pad": "false",
                                "padType": "left",
                                "padChar": "",
                                "padLength": ""
                            }
                        },
                        {
                            "taskId": "9ccfb3bb-7ec0-4626-8599-164b1f95f933",
                            "version": "1.*",
                            "name": "Get Environment on 2 letters lower case from Environment name",
                            "refName": "VariableTransformTask2",
                            "enabled": true,
                            "alwaysRun": false,
                            "continueOnError": false,
                            "timeoutInMinutes": 0,
                            "definitionType": "task",
                            "overrideInputs": {},
                            "condition": "succeeded()",
                            "inputs": {
                                "value": "$(TEMP_EnvironmentNameTransformed)",
                                "variableName": "TEMP_Environment2Letters",
                                "transformAction": "none",
                                "encodeOrDecode": "encodeString",
                                "pointInTime": "afterManipulation",
                                "searchReplace": "false",
                                "searchReplaceMethod": "basic",
                                "searchValue": "",
                                "replacementValue": "",
                                "regexOptions": "",
                                "trim": "false",
                                "slice": "false",
                                "sliceLeft": "",
                                "sliceRight": "",
                                "substring": "true",
                                "substringType": "left",
                                "substringStart": "",
                                "substringLength": "2",
                                "casing": "true",
                                "casingType": "toLower",
                                "pad": "false",
                                "padType": "left",
                                "padChar": "",
                                "padLength": ""
                            }
                        },
                        {
                            "taskId": "9ccfb3bb-7ec0-4626-8599-164b1f95f933",
                            "version": "1.*",
                            "name": "Get location on 3 letters lower case from Environment name",
                            "refName": "VariableTransformTask3",
                            "enabled": true,
                            "alwaysRun": false,
                            "continueOnError": false,
                            "timeoutInMinutes": 0,
                            "definitionType": "task",
                            "overrideInputs": {},
                            "condition": "succeeded()",
                            "inputs": {
                                "value": "$(TEMP_EnvironmentNameTransformed)",
                                "variableName": "TEMP_Location3Letters",
                                "transformAction": "none",
                                "encodeOrDecode": "encodeString",
                                "pointInTime": "afterManipulation",
                                "searchReplace": "false",
                                "searchReplaceMethod": "basic",
                                "searchValue": "",
                                "replacementValue": "",
                                "regexOptions": "",
                                "trim": "false",
                                "slice": "false",
                                "sliceLeft": "",
                                "sliceRight": "",
                                "substring": "true",
                                "substringType": "right",
                                "substringStart": "",
                                "substringLength": "3",
                                "casing": "true",
                                "casingType": "toLower",
                                "pad": "false",
                                "padType": "left",
                                "padChar": "",
                                "padLength": ""
                            }
                        },
                        {
                            "taskId": "3ca44a28-62de-4c60-8d77-a99065b95a8a",
                            "version": "1.*",
                            "name": "Set variable: ENV_ResourceGroupName to: 'z-afa-$(GLOBAL_ProjectName_4letters)-$(GLOBAL_AppName_4letters)-$(TEMP_Environment2Letters)$(GLOBAL_Corridor)-$(TEMP_Location3Letters)-rgp$(GLOBAL_IdRG)'",
                            "refName": "VariableSetTask4",
                            "enabled": true,
                            "alwaysRun": false,
                            "continueOnError": false,
                            "timeoutInMinutes": 0,
                            "definitionType": "task",
                            "overrideInputs": {},
                            "condition": "succeeded()",
                            "inputs": {
                                "VariableName": "ENV_ResourceGroupName",
                                "Value": "z-afa-$(GLOBAL_ProjectName_4letters)-$(GLOBAL_AppName_4letters)-$(TEMP_Environment2Letters)$(GLOBAL_Corridor)-$(TEMP_Location3Letters)-rgp$(GLOBAL_IdRG)"
                            }
                        },
                        {
                            "taskId": "3ca44a28-62de-4c60-8d77-a99065b95a8a",
                            "version": "1.*",
                            "name": "Set variable: ENV_StorageAccount_Project to: '$(TEMP_Environment2Letters)$(GLOBAL_Corridor)$(TEMP_Location3Letters)rm$(GLOBAL_ProjectName_4letters)$(GLOBAL_AppName_4letters)sa$(GLOBAL_IdRG)'",
                            "refName": "VariableSetTask5",
                            "enabled": true,
                            "alwaysRun": false,
                            "continueOnError": false,
                            "timeoutInMinutes": 0,
                            "definitionType": "task",
                            "overrideInputs": {},
                            "condition": "succeeded()",
                            "inputs": {
                                "VariableName": "ENV_StorageAccount_Project",
                                "Value": "$(TEMP_Environment2Letters)$(GLOBAL_Corridor)$(TEMP_Location3Letters)rm$(GLOBAL_ProjectName_4letters)$(GLOBAL_AppName_4letters)sa$(GLOBAL_IdRG)"
                            }
                        },
                        {
                            "taskId": "3ca44a28-62de-4c60-8d77-a99065b95a8a",
                            "version": "1.*",
                            "name": "Set variable: BACKUP_StorageAccount_Project to: '$(TEMP_Environment2Letters)$(GLOBAL_Corridor)$(TEMP_Location3Letters)backup$(GLOBAL_AppName_4letters)sa$(BACKUP_IdRG)'",
                            "refName": "",
                            "enabled": true,
                            "alwaysRun": false,
                            "continueOnError": false,
                            "timeoutInMinutes": 0,
                            "definitionType": "task",
                            "overrideInputs": {},
                            "condition": "succeeded()",
                            "inputs": {
                                "VariableName": "BACKUP_StorageAccount_Project",
                                "Value": "$(TEMP_Environment2Letters)$(GLOBAL_Corridor)$(TEMP_Location3Letters)backup$(GLOBAL_AppName_4letters)sa$(BACKUP_IdRG)"
                            }
                        },
                        {
                            "taskId": "9ccfb3bb-7ec0-4626-8599-164b1f95f933",
                            "version": "1.*",
                            "name": "Search 'EW1' on $(TEMP_Location3Letters)' and replace by 'West Europe'. Assign it to variable: GLOBAL_AzureRegion",
                            "refName": "VariableTransformTask6",
                            "enabled": true,
                            "alwaysRun": false,
                            "continueOnError": false,
                            "timeoutInMinutes": 0,
                            "definitionType": "task",
                            "overrideInputs": {},
                            "condition": "succeeded()",
                            "inputs": {
                                "value": "$(TEMP_Location3Letters)",
                                "variableName": "GLOBAL_AzureRegion",
                                "transformAction": "none",
                                "encodeOrDecode": "encodeString",
                                "pointInTime": "afterManipulation",
                                "searchReplace": "true",
                                "searchReplaceMethod": "basic",
                                "searchValue": "ew1",
                                "replacementValue": "West Europe",
                                "regexOptions": "",
                                "trim": "false",
                                "slice": "false",
                                "sliceLeft": "",
                                "sliceRight": "",
                                "substring": "false",
                                "substringType": "",
                                "substringStart": "",
                                "substringLength": "",
                                "casing": "false",
                                "casingType": "",
                                "pad": "false",
                                "padType": "left",
                                "padChar": "",
                                "padLength": ""
                            }
                        },
                        {
                            "taskId": "9ccfb3bb-7ec0-4626-8599-164b1f95f933",
                            "version": "1.*",
                            "name": "Search 'EN1' on $(GLOBAL_AzureRegion)' and replace by 'North Europe'. Assign it to variable: GLOBAL_AzureRegion",
                            "refName": "VariableTransformTask7",
                            "enabled": true,
                            "alwaysRun": false,
                            "continueOnError": false,
                            "timeoutInMinutes": 0,
                            "definitionType": "task",
                            "overrideInputs": {},
                            "condition": "succeeded()",
                            "inputs": {
                                "value": "$(GLOBAL_AzureRegion)",
                                "variableName": "GLOBAL_AzureRegion",
                                "transformAction": "none",
                                "encodeOrDecode": "encodeString",
                                "pointInTime": "afterManipulation",
                                "searchReplace": "true",
                                "searchReplaceMethod": "basic",
                                "searchValue": "en1",
                                "replacementValue": "North Europe",
                                "regexOptions": "",
                                "trim": "false",
                                "slice": "false",
                                "sliceLeft": "",
                                "sliceRight": "",
                                "substring": "false",
                                "substringType": "",
                                "substringStart": "",
                                "substringLength": "",
                                "casing": "false",
                                "casingType": "",
                                "pad": "false",
                                "padType": "left",
                                "padChar": "",
                                "padLength": ""
                            }
                        },
                        {
                            "taskId": "9ccfb3bb-7ec0-4626-8599-164b1f95f933",
                            "version": "1.*",
                            "name": "Get Environment name (fulltext)",
                            "refName": "VariableTransformTask8",
                            "enabled": true,
                            "alwaysRun": false,
                            "continueOnError": false,
                            "timeoutInMinutes": 0,
                            "definitionType": "task",
                            "overrideInputs": {},
                            "condition": "succeeded()",
                            "inputs": {
                                "value": "$(Release.EnvironmentName)",
                                "variableName": "TEMP_EnvironmentName",
                                "transformAction": "none",
                                "encodeOrDecode": "encodeString",
                                "pointInTime": "afterManipulation",
                                "searchReplace": "false",
                                "searchReplaceMethod": "basic",
                                "searchValue": "",
                                "replacementValue": "",
                                "regexOptions": "",
                                "trim": "false",
                                "slice": "true",
                                "sliceLeft": "0",
                                "sliceRight": "-4",
                                "substring": "false",
                                "substringType": "",
                                "substringStart": "",
                                "substringLength": "",
                                "casing": "false",
                                "casingType": "",
                                "pad": "false",
                                "padType": "left",
                                "padChar": "",
                                "padLength": ""
                            }
                        },
                        {
                            "taskId": "3ca44a28-62de-4c60-8d77-a99065b95a8a",
                            "version": "1.*",
                            "name": "Set variable: BACKUP_IdRG to: '99'",
                            "refName": "VariableSetTask9",
                            "enabled": true,
                            "alwaysRun": false,
                            "continueOnError": false,
                            "timeoutInMinutes": 0,
                            "definitionType": "task",
                            "overrideInputs": {},
                            "condition": "succeeded()",
                            "inputs": {
                                "VariableName": "BACKUP_IdRG",
                                "Value": "99"
                            }
                        },
                        {
                            "taskId": "3ca44a28-62de-4c60-8d77-a99065b95a8a",
                            "version": "1.*",
                            "name": "Set variable: GLOBAL_IdRG to: '01' copy",
                            "refName": "",
                            "enabled": true,
                            "alwaysRun": false,
                            "continueOnError": false,
                            "timeoutInMinutes": 0,
                            "definitionType": "task",
                            "overrideInputs": {},
                            "condition": "succeeded()",
                            "inputs": {
                                "VariableName": "GLOBAL_IdRG",
                                "Value": "01"
                            }
                        },
                        {
                            "taskId": "3ca44a28-62de-4c60-8d77-a99065b95a8a",
                            "version": "1.*",
                            "name": "Set variable: GLOBAL_Corridor to: 'a'",
                            "refName": "VariableSetTask10",
                            "enabled": true,
                            "alwaysRun": false,
                            "continueOnError": false,
                            "timeoutInMinutes": 0,
                            "definitionType": "task",
                            "overrideInputs": {},
                            "condition": "succeeded()",
                            "inputs": {
                                "VariableName": "GLOBAL_Corridor",
                                "Value": "a"
                            }
                        },
                        {
                            "taskId": "4a80e4d4-057e-40ff-8d22-566b076b3eac",
                            "version": "1.*",
                            "name": "Get latest Common ARM Templates container name from storageaccount ",
                            "refName": "",
                            "enabled": true,
                            "alwaysRun": false,
                            "continueOnError": false,
                            "timeoutInMinutes": 0,
                            "definitionType": "task",
                            "overrideInputs": {},
                            "condition": "succeeded()",
                            "inputs": {
                                "ConnectedServiceName": "",
                                "ResourceGroupName": "$(GLOBAL_StorageAccount_ResourceGroupName)",
                                "StorageAccountRM": "$(GLOBAL_StorageAccount_Common)",
                                "ContainerName": ""
                            }
                        },
                        {
                            "taskId": "d66b2794-5008-46fc-ad96-77d90c2e5615",
                            "version": "1.*",
                            "name": "Copy Folder \"SqlOrchestrator\" from Common Azure Storage",
                            "refName": "AzCopy_9",
                            "enabled": true,
                            "alwaysRun": false,
                            "continueOnError": false,
                            "timeoutInMinutes": 0,
                            "definitionType": "task",
                            "overrideInputs": {},
                            "condition": "succeeded()",
                            "inputs": {
                                "SourceKind": "Storage",
                                "SourcePath": "",
                                "SourceConnectedServiceName": "",
                                "SourceAccount": "$(GLOBAL_StorageAccount_Common)",
                                "SourceObject": "$(CommonArmTemplatesContainerName)/SqlOrchestrator",
                                "DestinationKind": "FileSystem",
                                "DestinationPath": "$(System.DefaultWorkingDirectory)/$(Build.DefinitionName)/SqlOrchestrator",
                                "DestinationConnectedServiceName": "",
                                "DestinationAccount": "",
                                "DestinationObject": "",
                                "Recursive": "true",
                                "Pattern": "",
                                "ExcludeNewer": "false",
                                "ExcludeOlder": "false",
                                "Arguments": ""
                            }
                        },
                        {
                            "taskId": "d66b2794-5008-46fc-ad96-77d90c2e5615",
                            "version": "1.*",
                            "name": "Copy Folder \"BackupRestore\" from Common Azure Storage",
                            "refName": "",
                            "enabled": true,
                            "alwaysRun": false,
                            "continueOnError": false,
                            "timeoutInMinutes": 0,
                            "definitionType": "task",
                            "overrideInputs": {},
                            "condition": "succeeded()",
                            "inputs": {
                                "SourceKind": "Storage",
                                "SourcePath": "",
                                "SourceConnectedServiceName": "",
                                "SourceAccount": "$(GLOBAL_StorageAccount_Common)",
                                "SourceObject": "$(CommonArmTemplatesContainerName)/BackupRestore",
                                "DestinationKind": "FileSystem",
                                "DestinationPath": "$(System.DefaultWorkingDirectory)/$(Build.DefinitionName)/BackupRestore",
                                "DestinationConnectedServiceName": "",
                                "DestinationAccount": "",
                                "DestinationObject": "",
                                "Recursive": "true",
                                "Pattern": "",
                                "ExcludeNewer": "false",
                                "ExcludeOlder": "false",
                                "Arguments": ""
                            }
                        },
                        {
                            "taskId": "72a1931b-effb-4d2e-8fd8-f8472a07cb62",
                            "version": "2.*",
                            "name": "Outputs sqlDBServer",
                            "refName": "AzurePowerShell_10",
                            "enabled": true,
                            "alwaysRun": false,
                            "continueOnError": false,
                            "timeoutInMinutes": 0,
                            "definitionType": "task",
                            "overrideInputs": {},
                            "condition": "succeeded()",
                            "inputs": {
                                "ConnectedServiceNameSelector": "ConnectedServiceNameARM",
                                "ConnectedServiceName": "",
                                "ConnectedServiceNameARM": "",
                                "ScriptType": "FilePath",
                                "ScriptPath": "$(System.DefaultWorkingDirectory)/$(Build.DefinitionName)/SqlOrchestrator/arm-outputs-sqlDBServer.ps1",
                                "Inline": "Write-Verbose \"Entering script arm-outputs.ps1\"\n \nWrite-Debug \"ResourceGroupName= $resourceGroupName\"\n\n\n$lastResourceGroupDeployment = Get-AzureRmResourceGroupDeployment -ResourceGroupName $resourceGroupName -Name \"sqlDBServer\" | Sort Timestamp -Descending | Select -First 1 \n\n$result = $lastResourceGroupDeployment.Outputs.dataBaseInfos.Value.ToString() | ConvertFrom-Json\n\n\nif(!$lastResourceGroupDeployment)\n{\n    throw \"Deployment could not be found for Resource Group '$resourceGroupName'.\"\n}\n\nif",
                                "ScriptArguments": "-resourceGroupName \"$(ENV_ResourceGroupName)\"",
                                "TargetAzurePs": "LatestVersion",
                                "CustomTargetAzurePs": ""
                            }
                        },
                        {
                            "taskId": "72a1931b-effb-4d2e-8fd8-f8472a07cb62",
                            "version": "2.*",
                            "name": "Export Database Dacpac ",
                            "refName": "",
                            "enabled": true,
                            "alwaysRun": false,
                            "continueOnError": false,
                            "timeoutInMinutes": 0,
                            "definitionType": "task",
                            "overrideInputs": {},
                            "condition": "succeeded()",
                            "inputs": {
                                "ConnectedServiceNameSelector": "ConnectedServiceNameARM",
                                "ConnectedServiceName": "",
                                "ConnectedServiceNameARM": "",
                                "ScriptType": "FilePath",
                                "ScriptPath": "$(System.DefaultWorkingDirectory)/$(Build.DefinitionName)/BackupRestore/ExportDacpac.ps1",
                                "Inline": "Write-Verbose \"Entering script arm-outputs.ps1\"\n \nWrite-Debug \"ResourceGroupName= $resourceGroupName\"\n\n\n$lastResourceGroupDeployment = Get-AzureRmResourceGroupDeployment -ResourceGroupName $resourceGroupName -Name \"sqlDBServer\" | Sort Timestamp -Descending | Select -First 1 \n\n$result = $lastResourceGroupDeployment.Outputs.dataBaseInfos.Value.ToString() | ConvertFrom-Json\n\n\nif(!$lastResourceGroupDeployment)\n{\n    throw \"Deployment could not be found for Resource Group '$resourceGroupName'.\"\n}\n\nif",
                                "ScriptArguments": "-sourceServerName \"$(sqlServerName)\" -sourceDatabaseName \"$(sqlDatabaseName)\" -sourceSqlUserSysAdmin \"$(sqlserverSysAdminLogin)@$(sqlServerName).database.windows.net\" -sourceSqlPasswordSysAdmin (ConvertTo-SecureString -String '$(sqlserverSysAdminPassword)' -AsPlainText -Force) -targetPathBacpac \"$(System.DefaultWorkingDirectory)\\$(sqlDatabaseName).dacpac\"",
                                "TargetAzurePs": "LatestVersion",
                                "CustomTargetAzurePs": ""
                            }
                        },
                        {
                            "taskId": "eb72cb01-a7e5-427b-a8a1-1b31ccac8a43",
                            "version": "1.*",
                            "name": "AzureBlob File Copy backup to blob",
                            "refName": "",
                            "enabled": true,
                            "alwaysRun": false,
                            "continueOnError": false,
                            "timeoutInMinutes": 0,
                            "definitionType": "task",
                            "overrideInputs": {},
                            "condition": "succeeded()",
                            "inputs": {
                                "SourcePath": "$(System.DefaultWorkingDirectory)\\$(sqlDatabaseName).dacpac",
                                "ConnectedServiceNameSelector": "ConnectedServiceNameARM",
                                "ConnectedServiceName": "",
                                "ConnectedServiceNameARM": "",
                                "Destination": "AzureBlob",
                                "StorageAccount": "",
                                "StorageAccountRM": "$(BACKUP_StorageAccount_Project)",
                                "ContainerName": "dacpac",
                                "BlobPrefix": "",
                                "EnvironmentName": "",
                                "EnvironmentNameRM": "",
                                "ResourceFilteringMethod": "machineNames",
                                "MachineNames": "",
                                "vmsAdminUserName": "",
                                "vmsAdminPassword": "",
                                "TargetPath": "",
                                "AdditionalArguments": "",
                                "enableCopyPrerequisites": "false",
                                "CopyFilesInParallel": "true",
                                "CleanTargetBeforeCopy": "false",
                                "skipCACheck": "true",
                                "outputStorageUri": "",
                                "outputStorageContainerSasToken": ""
                            }
                        },
                        {
                            "taskId": "94a74903-f93f-4075-884f-dc11f34058b4",
                            "version": "2.*",
                            "name": "Azure Deployment:Delete Project Azure Resources",
                            "refName": "",
                            "enabled": true,
                            "alwaysRun": false,
                            "continueOnError": false,
                            "timeoutInMinutes": 0,
                            "definitionType": "task",
                            "overrideInputs": {},
                            "condition": "succeeded()",
                            "inputs": {
                                "ConnectedServiceName": "",
                                "action": "DeleteRG",
                                "resourceGroupName": "$(ENV_ResourceGroupName)",
                                "location": "",
                                "templateLocation": "Linked artifact",
                                "csmFileLink": "",
                                "csmParametersFileLink": "",
                                "csmFile": "",
                                "csmParametersFile": "",
                                "overrideParameters": "",
                                "deploymentMode": "Incremental",
                                "enableDeploymentPrerequisites": "None",
                                "deploymentGroupEndpoint": "",
                                "project": "",
                                "deploymentGroupName": "",
                                "copyAzureVMTags": "true",
                                "outputVariable": "",
                                "deploymentOutputs": ""
                            }
                        }
                    ]
                }
            ],
            "environmentOptions": {
                "emailNotificationType": "OnlyOnFailure",
                "emailRecipients": "release.environment.owner;release.creator",
                "skipArtifactsDownload": false,
                "timeoutInMinutes": 0,
                "enableAccessToken": false,
                "publishDeploymentStatus": false,
                "badgeEnabled": false,
                "autoLinkWorkItems": false,
                "pullRequestDeploymentEnabled": false
            },
            "demands": [],
            "conditions": [
                {
                    "name": "%ENV%-%REGION%",
                    "conditionType": 2,
                    "value": "4"
                }
            ],
            "executionPolicy": {
                "concurrencyCount": 0,
                "queueDepthCount": 0
            },
            "schedules": [],
            "currentRelease": {
                "id": 0,
                "url": "https://axafrance.vsrm.visualstudio.com/DevOps/_apis/Release/releases/0",
                "_links": {}
            },
            "retentionPolicy": {
                "daysToKeep": 30,
                "releasesToKeep": 3,
                "retainBuild": true
            },
            "processParameters": {},
            "properties": {},
            "preDeploymentGates": {
                "id": 0,
                "gatesOptions": null,
                "gates": []
            },
            "postDeploymentGates": {
                "id": 0,
                "gatesOptions": null,
                "gates": []
            },
            "environmentTriggers": [],
            "badgeUrl": "https://rmprodweu1.vsrm.visualstudio.com/A5e633e68-a8fb-4da6-b730-be67d3b69326/_apis/public/Release/badge/ccb10153-812a-4337-8e50-f80b8d3f5a3b/175/339"
        }
    ],
    "artifacts": [],
    "triggers": [],
    "releaseNameFormat": "$(GLOBAL_ProjectName_4letters)-$(GLOBAL_AppName_4letters)-$(date:yyyyMMdd)$(rev:.r)",
    "tags": [],
    "properties": {
        "DefinitionCreationSource": {
            "$type": "System.String",
            "$value": "ReleaseClone"
        }
    },
    "id": 175,
    "name": "DefaultReleaseDefinitionWithEnvDeletion",
    "path": "\\",
    "projectReference": null,
    "url": "https://axafrance.vsrm.visualstudio.com/ccb10153-812a-4337-8e50-f80b8d3f5a3b/_apis/Release/definitions/175",
    "_links": {
        "self": {
            "href": "https://axafrance.vsrm.visualstudio.com/ccb10153-812a-4337-8e50-f80b8d3f5a3b/_apis/Release/definitions/175"
        },
        "web": {
            "href": "https://tfsprodweusu4.visualstudio.com/A5e633e68-a8fb-4da6-b730-be67d3b69326/ccb10153-812a-4337-8e50-f80b8d3f5a3b/_release?definitionId=175"
        }
    }
}