{
    "$schema": "https://schema.management.azure.com/schemas/2015-01-01/deploymentParameters.json#",
    "contentVersion": "1.0.0.0",
    "parameters":{
        "options": {
            "value": {
                /* Create a Global Storage Account for the prject*/
                /* You have to enable SA in each webapp conf with the parameter : use_StorageAccountProject*/
                "createStorageAccountProject": "false"
            }
        },
        "webappsSqlToDeploy": {
            "value": {
                "webApps": [
                    {
                        "webappName": "???",
                        "servicePlanResourceGroupName": "???", /* if you use dedicated service plan, empty this value */
                        "servicePlanName": "???",
                        "useStorageAccountProject": "false",
                        "apptype": "???",
                        "appSettings": [
                            {
                                "name":"key1",
                                "value":"value1"
                            },
                            {
                                "name":"key2",
                                "value":"value2"
                            }
                        ]
                    },
                    {
                        "webappName": "???",
                        "servicePlanResourceGroupName": "???", /* if you use dedicated service plan, empty this value */
                        "servicePlanName": "???",
                        "useStorageAccountProject": "false",
                        "apptype": "???",
                        /* Only for java applications 
                        "javaVersion": "1.8",
                        "javaContainer": "TOMCAT",
                        "javaContainerVersion": "7.0.50",
                        */
                        "appSettings": [
                            {
                                "name":"key1",
                                "value":"value1"
                            },
                            {
                                "name":"key2",
                                "value":"value2"
                            }
                        ]
                    }
                ],
                "dedicatedServicePlans": [
                            /* Definition : dedicated Service Plan ; sevice plan listed in this section will be created and dedicated to your project's webapp. You have to refer to it with webApps.servicePlanName parameter */
                            {
                                "servicePlanName": "???", /* must respect this standard : z-afa-%projectname%-%appname%-%env%%corridor%-%region%-%aseid%-%spid% */
                                "numberOfWorkers": "???",	/* number of instances to provide */		
                                "appServiceEnvironmentResourceGroupName": "???",    /* ASE resourcegroupname */
                                "appServiceEnvironmentName": "???", /* ASE name */
                                "skuTier": "???" /* allowed values : "I1" | "I2" | "I3" ; pricing and power details : https://azure.microsoft.com/fr-fr/pricing/details/app-service/ */
                            }
				],
				"database": {
					"exposition": "???",
						/* Definition : SQL Database access
						allowed values : "" | "internal" | "external" | "external-internal"
						"internal" means SQL DB deployment and only accessed by internal applications
						"external" means SQL DB deployment and only accessed by external applications
						"external-internal" means SQL DB deployment and accessed by external & internal applications */
					"sqlDatabaseEdition": "???", 
						/* Definition : sql pricing tiers
						allowed values : "Default" | "Basic" | "Standard" | "Premium"
						"Default" means pre-set value according to environment : Basic for Dev, Integration, Recette, Pré-production & Standard for Production
						"Basic", "Standard" or "Premimum" means you want to set your own sql pricing tiers. Respect "Standard" at least for production environment */
					"sqlDatabaseRequestedServiceObjectiveName": "???"
						/* Definition : sql pricing tiers, service level
						allowed values : "Default" | "Basic" | "S0" | "S1" | "S2" | "S3" | "P1" | "P2" | "P3"
						"Default" means pre-set value according to environment : Basic for Dev, Integration, Recette, Pré-production & S0 for Production
						"S0...S3" means levels available for "Standard" sqlDatabaseEdition
						"P1...P3" means levels available for "Premium" sqlDatabaseEdition
						If sqlDatabaseEdition parameter is set to "Default", sqlDatabaseRequestedServiceObjectiveName will be automatically set to Default values according to environment value
						*/
				}
            }
        },
		"webappsToDeploy": {
            "value": {
                "webApps": [
                    {
                        "webappName": "???",
                        "servicePlanResourceGroupName": "???", /* if you use dedicated service plan, empty this value */
                        "servicePlanName": "???",
                        "useStorageAccountProject": "false",
                        "apptype": "???",
                        "appSettings": [
                            {
                                "name":"key1",
                                "value":"value1"
                            },
                            {
                                "name":"key2",
                                "value":"value2"
                            }
                        ],
                        "dedicatedServicePlans": [
                            /* Definition : dedicated Service Plan ; sevice plan listed in this section will be created and dedicated to your project's webapp. You have to refer to it with webApps.servicePlanName parameter */
                            {
                                "servicePlanName": "???", /* must respect this standard : z-afa-%projectname%-%appname%-%env%%corridor%-%region%-%aseid%-%spid% */
                                "numberOfWorkers": "???",	/* number of instances to provide */		
                                "appServiceEnvironmentResourceGroupName": "???",    /* ASE resourcegroupname */
                                "appServiceEnvironmentName": "???", /* ASE name */
                                "skuTier": "???" /* allowed values : "I1" | "I2" | "I3" ; pricing and power details : https://azure.microsoft.com/fr-fr/pricing/details/app-service/ */
                            }
                        ]
                    }
                ]
            }
        }
    }
}