{
    "$schema": "https://schema.management.azure.com/schemas/2015-01-01/deploymentParameters.json#",
    "contentVersion": "1.0.0.0",
    "parameters":{
        "webappsSqlToDeploy": {
            "value": {
                "webApps": [
                    {
                        "webappName": "workshoparm-bo",
                        "servicePlanResourceGroupName": "",
                        "servicePlanName": "z-afa-kma-tro-rea-ew1-ase01-sp01",
                        "apptype": ".net",
                        "appSettings": [
                            {
                                "name":"key1",
                                "value":"value1"
                            },
                            {
                                "name":"key2",
                                "value":"value2"
                            }
                        ]
                    },
                    {
                        "webappName": "workshoparm-fo",
                        "servicePlanResourceGroupName": "",
                        "servicePlanName": "z-afa-kma-tro-rea-ew1-ase02-sp01",
                        "apptype": "node.js",
                        "appSettings": [
                            {
                                "name":"key1",
                                "value":"value1"
                            },
                            {
                                "name":"key2",
                                "value":"value2"
                            }
                        ]
                    }
                ],
                "dedicatedServicePlans": [
					{
						"servicePlanName": "z-afa-kma-tro-rea-ew1-ase01-sp01",
						"numberOfWorkers": "1",			
						"appServiceEnvironmentResourceGroupName": "z-afa-tran-shrd-rea-ew1-rgp01",							
						"appServiceEnvironmentName": "z-afa-tran-shrd-rea-ew1-ase01",
						"skuTier": "I1"
					},
					{
						"servicePlanName": "z-afa-kma-tro-rea-ew1-ase02-sp01",
						"numberOfWorkers": "1",		
						"appServiceEnvironmentResourceGroupName": "z-afa-tran-shrd-rea-ew1-rgp01",							
						"appServiceEnvironmentName": "z-afa-tran-shrd-rea-ew1-ase02",
						"skuTier": "I2"							
					}
				],
				"database": {
					"exposition": "external-internal",
						/* Definition : SQL Database access
						allowed values : "" | "internal" | "external" | "external-internal"
						"internal" means SQL DB deployment and only accessed by internal applications
						"external" means SQL DB deployment and only accessed by external applications
						"external-internal" means SQL DB deployment and accessed by external & internal applications */
					"sqlDatabaseEdition": "Default", 
						/* Definition : sql pricing tiers
						allowed values : "Default" | "Basic" | "Standard" | "Premium"
						"Default" means pre-set value according to environment : Basic for Dev, Integration, Recette, Pré-production & Standard for Production
						"Basic", "Standard" or "Premimum" means you want to set your own sql pricing tiers. Respect "Standard" at least for production environment */
					"sqlDatabaseRequestedServiceObjectiveName": "Default"
						/* Definition : sql pricing tiers, service level
						allowed values : "Default" | "Basic" | "S0" | "S1" | "S2" | "S3" | "P1" | "P2" | "P3"
						"Default" means pre-set value according to environment : Basic for Dev, Integration, Recette, Pré-production & S0 for Production
						"S0...S3" means levels available for "Standard" sqlDatabaseEdition
						"P1...P3" means levels available for "Premium" sqlDatabaseEdition
						If sqlDatabaseEdition parameter is set to "Default", sqlDatabaseRequestedServiceObjectiveName will be automatically set to Default values according to environment value
						*/
				}
            }
        },
        "webappsToDeploy": {
            "value": {
                "webApps": [
                    {
                        "webappName": "workshoparm-bo", 
						"servicePlanResourceGroupName": "z-afa-tran-shrd-rea-ew1-rgp01",
                        "servicePlanName": "z-afa-tran-shrd-rea-ew1-ase01-sp01",
                        "apptype": "java",
                        /* Only for java applications 
                        "javaVersion": "1.8",
                        "javaContainer": "TOMCAT",
                        "javaContainerVersion": "7.0.50",
                        */
                        "appSettings": [
                            {
                                "name":"key1",
                                "value":"value1"
                            },
                            {
                                "name":"key2",
                                "value":"value2"
                            }
                        ]
                    }
                ],
				"dedicatedServicePlans": []
            }
        }
    }
}