{
    "$schema": "http://schema.management.azure.com/schemas/2015-01-01/deploymentParameters.json",
    "contentVersion": "1.0.0.0",
  "parameters": {
    "Location": {
      "value": "West Europe"
    },
    "boEnvironmentName": {
      "value": "z-afa-trans-shrd-rec-euw-ase02"
    },
    "boEnvIpSslAddressCount": {
      "value": 1
    },
    "boEnvWorker1Size": {
      "value": "small"
    },
    "boEnvWorker1Count": {
      "value": 5
    },
    "boEnvWorker2Size": {
      "value": "medium"
    },
    "boEnvWorker2Count": {
      "value": 0
    },
    "boEnvWorker3Size": {
      "value": "large"
    },
    "boEnvWorker3Count": {
      "value": 0
    },
    "boEnvFrontendSize": {
      "value": "medium"
    },
    "boEnvFrontendCount": {
      "value": 2
    },
    "boEnvVNETName": {
      "value": "z-afa-trans-shrd-rec-euw-net01"
    },
    "boEnvVnetResourceGroupName": {
      "value": "z-afa-trans-shrd-rec-euw-rgp01"
    },
    "boEnvSubnetName": {
      "value": "z-afa-trans-shrd-rec-euw-sub02"
    },
    "foEnvironmentName": {
      "value": "z-afa-trans-shrd-rec-euw-ase01"
    },
    "foEnvIpSslAddressCount": {
      "value": 1
    },
    "foEnvWorker1Size": {
      "value": "small"
    },
    "foEnvWorker1Count": {
      "value": 5
    },
    "foEnvWorker2Size": {
      "value": "medium"
    },
    "foEnvWorker2Count": {
      "value": 0
    },
    "foEnvWorker3Size": {
      "value": "large"
    },
    "foEnvWorker3Count": {
      "value": 0
    },
    "foEnvFrontendSize": {
      "value": "medium"
    },
    "foEnvFrontendCount": {
      "value": 2
    },
    "foEnvVNETName": {
      "value": "z-afa-trans-shrd-rec-euw-net01"
    },
    "foEnvVnetResourceGroupName": {
      "value": "z-afa-trans-shrd-rec-euw-rgp01"
    },
    "foEnvSubnetName": {
        "value": "z-afa-trans-shrd-rec-euw-sub01"
    },
 	"frontOfficeServicePlanSKU": {
		"value": "Standard"
	},
	"frontOfficeServicePlanWorkerSize": {
		"value": "0"
	},
	"backOfficeServicePlanSKU": {
		"value": "Standard"
	},
	"backOfficeServicePlanWorkerSize": {
		"value": "0"
    }
  }
 }