{
    "$schema": "http://schema.management.azure.com/schemas/2015-01-01/deploymentTemplate.json",
    "contentVersion": "1.0.0.0",
    "parameters": {
        "Location": {
            "type": "string",
            "allowedValues": [
                "West Europe",
                "North Europe"
            ],
            "metadata": {
                "description": "The Azure Location in which to create the environment; needs to match the location of the VNET referenced"
            }
        },
        "boEnvironmentName": {
            "type": "string"
        },
        "foEnvironmentName": {
            "type": "string"
        },
        "boEnvIpSslAddressCount": {
            "type": "int",
            "defaultValue": 1,
            "metadata": {
                "description": "The number of IP Addresses to create for the environment"
            }
        },
        "boEnvWorker1Size": {
            "type": "string",
            "defaultValue": "small",
            "allowedValues": [
                "small",
                "medium",
                "large"
            ],
            "metadata": {
                "description": "The size of VM to use for Worker Pool 1"
            }
        },
        "boEnvWorker1count": {
            "type": "int",
            "defaultValue": 2,
            "metadata": {
                "description": "The number of VM to use for Worker Pool 1"
            }
        },
        "boEnvWorker2Size": {
            "type": "string",
            "defaultValue": "medium",
            "allowedValues": [
                "small",
                "medium",
                "large"
            ],
            "metadata": {
                "description": "The size of VM to use for Worker Pool 2"
            }
        },
        "boEnvWorker2count": {
            "type": "int",
            "defaultValue": 0,
            "metadata": {
                "description": "The number of VM to use for Worker Pool 2"
            }
        },
        "boEnvFrontendSize": {
            "type": "string",
            "defaultValue": "medium",
            "allowedValues": [
                "small",
                "medium",
                "large"
            ],
            "metadata": {
                "description": "The size of VM to use for FrontEnd Pool"
            }
        },
        "boEnvFrontendCount": {
            "type": "int",
            "defaultValue": 2,
            "metadata": {
                "description": "The number of VM to use for FrontEnd Pool"
            }
        },
        "boEnvWorker3Size": {
            "type": "string",
            "defaultValue": "large",
            "allowedValues": [
                "small",
                "medium",
                "large"
            ],
            "metadata": {
                "description": "The size of VM to use for Worker Pool 3"
            }
        },
        "boEnvWorker3count": {
            "type": "int",
            "defaultValue": 0,
            "metadata": {
                "description": "The number of VM to use for Worker Pool 3"
            }
        },
        "boEnvVNETName": {
            "type": "string",
            "metadata": {
                "description": "The name of the VNET onto which to deploy the environment"
            }
        },
        "boEnvVnetResourceGroupName": {
            "type": "string",
            "metadata": {
                "description": "The name of the Resource Group to which the VNET has been deployed"
            }
        },
        "boEnvSubnetName": {
            "type": "string",
            "metadata": {
                "description": "The name of the Subnet onto which to deploy the environment"
            }
        },
        "foEnvIpSslAddressCount": {
            "type": "int",
            "defaultValue": 1,
            "metadata": {
                "description": "The number of IP Addresses to create for the environment"
            }
        },
        "foEnvWorker1Size": {
            "type": "string",
            "defaultValue": "small",
            "allowedValues": [
                "small",
                "medium",
                "large"
            ],
            "metadata": {
                "description": "The size of VM to use for Worker Pool 1"
            }
        },
        "foEnvWorker1count": {
            "type": "int",
            "defaultValue": 2,
            "metadata": {
                "description": "The number of VM to use for Worker Pool 1"
            }
        },
        "foEnvWorker2Size": {
            "type": "string",
            "defaultValue": "medium",
            "allowedValues": [
                "small",
                "medium",
                "large"
            ],
            "metadata": {
                "description": "The size of VM to use for Worker Pool 2"
            }
        },
        "foEnvWorker2count": {
            "type": "int",
            "defaultValue": 0,
            "metadata": {
                "description": "The number of VM to use for Worker Pool 2"
            }
        },
        "foEnvFrontendSize": {
            "type": "string",
            "defaultValue": "medium",
            "allowedValues": [
                "small",
                "medium",
                "large"
            ],
            "metadata": {
                "description": "The size of VM to use for FrontEnd Pool"
            }
        },
        "foEnvFrontendCount": {
            "type": "int",
            "defaultValue": 2,
            "metadata": {
                "description": "The number of VM to use for FrontEnd Pool"
            }
        },
        "foEnvWorker3Size": {
            "type": "string",
            "defaultValue": "large",
            "allowedValues": [
                "small",
                "medium",
                "large"
            ],
            "metadata": {
                "description": "The size of VM to use for Worker Pool 3"
            }
        },
        "foEnvWorker3count": {
            "type": "int",
            "defaultValue": 0,
            "metadata": {
                "description": "The number of VM to use for Worker Pool 3"
            }
        },
        "foEnvVNETName": {
            "type": "string",
            "metadata": {
                "description": "The name of the VNET onto which to deploy the environment"
            }
        },
        "foEnvVnetResourceGroupName": {
            "type": "string",
            "metadata": {
                "description": "The name of the Resource Group to which the VNET has been deployed"
            }
        },
        "foEnvSubnetName": {
            "type": "string",
            "metadata": {
                "description": "The name of the Subnet onto which to deploy the environment"
            }
        },
        "backOfficeServicePlanSKU": {
            "type": "string",
            "allowedValues": [
                "Free",
                "Shared",
                "Basic",
                "Standard"
            ],
            "defaultValue": "Free"
        },
        "backOfficeServicePlanWorkerSize": {
            "type": "string",
            "allowedValues": [
                "0",
                "1",
                "2"
            ],
            "defaultValue": "0"
        },
        "frontOfficeServicePlanSKU": {
            "type": "string",
            "allowedValues": [
                "Free",
                "Shared",
                "Basic",
                "Standard"
            ],
            "defaultValue": "Free"
        },
        "frontOfficeServicePlanWorkerSize": {
            "type": "string",
            "allowedValues": [
                "0",
                "1",
                "2"
            ],
            "defaultValue": "0"
        }

    },
  "resources": [
    {
        "apiVersion": "2014-11-01",
        "name": "[parameters('boEnvironmentName')]",
        "type": "Microsoft.Web/hostingEnvironments",
        "location": "[parameters('Location')]",
        "dependsOn": [
        ],
        "properties": {
            "Name": "[parameters('boEnvironmentName')]",
            "ipSslAddressCount": "[parameters('boEnvIpSslAddressCount')]",
            "workerPools": [
                {
                    "workerSizeId": 0,
                    "workerSize": "[parameters('boEnvWorker1Size')]",
                    "workerCount": "[parameters('boEnvWorker1count')]"
                },
                {
                    "workerSizeId": 1,
                    "workerSize": "[parameters('boEnvWorker2Size')]",
                    "workerCount": "[parameters('boEnvWorker2count')]"
                },
                {
                    "workerSizeId": 2,
                    "workerSize": "[parameters('boEnvWorker3Size')]",
                    "workerCount": "[parameters('boEnvWorker3count')]"
                }
            ],
            "location": "[parameters('Location')]",
            "MultiSize": "[parameters('boEnvFrontendSize')]",
            "MultiRoleCount": "[parameters('boEnvFrontendCount')]",
            "VNETName": "[parameters('boEnvVNETName')]",
            "VNetResourceGroupName": "[parameters('boEnvVNetResourceGroupName')]",
            "VNETSubnetName": "[parameters('boEnvSubnetName')]"
        }
    },
    {
        "apiVersion": "2014-11-01",
        "name": "[parameters('foEnvironmentName')]",
        "type": "Microsoft.Web/hostingEnvironments",
        "location": "[parameters('Location')]",
        "dependsOn": [
        ],
        "properties": {
            "Name": "[parameters('foEnvironmentName')]",
            "ipSslAddressCount": "[parameters('foEnvIpSslAddressCount')]",
            "workerPools": [
                {
                    "workerSizeId": 0,
                    "workerSize": "[parameters('foEnvWorker1Size')]",
                    "workerCount": "[parameters('foEnvWorker1count')]"
                },
                {
                    "workerSizeId": 1,
                    "workerSize": "[parameters('foEnvWorker2Size')]",
                    "workerCount": "[parameters('foEnvWorker2count')]"
                },
                {
                    "workerSizeId": 2,
                    "workerSize": "[parameters('foEnvWorker3Size')]",
                    "workerCount": "[parameters('foEnvWorker3count')]"
                }
            ],
            "Location": "[parameters('Location')]",
            "MultiSize": "[parameters('foEnvFrontendSize')]",
            "MultiRoleCount": "[parameters('foEnvFrontendCount')]",
            "VNETName": "[parameters('foEnvVNETName')]",
            "VNetResourceGroupName": "[parameters('foEnvVNetResourceGroupName')]",
            "VNETSubnetName": "[parameters('foEnvSubnetName')]"
        }
    }
  ],
  "outputs": {
  }
}