{
    "manifestVersion": 1,
    "id": "axadevtestlab",
    "version": "0.1.0",
    "name": "Axa DevTestLab",
    "scopes": [],
    "description": "Axa custom dailyClean extension",
    "publisher": "axafr-almdevops",
    "galleryFlags": ["Preview"],
    "icons": {
      "default": "static/images/logo.png"
    },
    "targets": [
      {
        "id": "Microsoft.VisualStudio.Services"
      }
    ],
    "demands": ["api-version/3.0"],
    "tags": ["Sample"],
    "categories": ["Azure Pipelines"],
    "screenshots": [],
    "content": {
      "license": {
        "path": "license.md"
      },
      "details": {
        "path": "overview.md"
      }
    },
    "branding": {
      "color": "rgb(220, 235, 252)",
      "theme": "light"
    },
    "files": [
      {
        "path": "tasks"
      },
      {
        "path": "static/images/logo.png",
        "addressable": true
      }
    ],
    "contributions": [
      {
        "id": "invoke-cleanEnv",
        "targets": ["ms.vss-distributed-task.tasks"],
        "type": "ms.vss-distributed-task.task",
        "properties": {
          "name": "tasks/invoke-cleanEnv"
        }
      },
      {
        "id": "invoke-setNextDeploy",
        "targets": ["ms.vss-distributed-task.tasks"],
        "type": "ms.vss-distributed-task.task",
        "properties": {
          "name": "tasks/invoke-setNextDeploy"
        }
      }
    ]
  }
  