{
    "$schema": "https://schema.management.azure.com/schemas/2015-01-01/deploymentTemplate.json#",
    "contentVersion": "1.0.0.0",
    "parameters": {
       "environment": {
            "type": "string",
            "allowedValues": [
                "RECETTE-EW1",
                "RECETTE-EN1",
                "PPROD-EW1",
                "PPROD-EN1",
                "PROD-EW1",
                "PROD-EN1"
            ],
            "metadata": {
                "description": "The target environment formatted as ENV-AzureRegion : RECETTE = uat, PPROD = pre-production or staging, PROD = production ; EW1 = West Europe, EN1 = North Europe"
            }
        },
        "pfxBlobString_ase01": {
            "type": "securestring",
            "metadata": {
                "description": "A pfx file encoded as a base-64 string.  The pfx contains the SSL certificate that will be configured as the default SSL certificate for the ASE."
            }
        },
        "password_ase01": {
            "type": "securestring",
            "metadata": {
                "description": "The password for the pfx filed contained in pfxBlobString."
            }
        },
        "certificateThumbprint_ase01": {
            "type": "securestring",
            "metadata": {
                "description": "The hexadecimal certificate thumbprint of the certificate contained in pfxBlobString.  All spaces need to be removed from the hex string."
            }
        },
        "pfxBlobString_ase02": {
            "type": "securestring",
            "metadata": {
                "description": "A pfx file encoded as a base-64 string.  The pfx contains the SSL certificate that will be configured as the default SSL certificate for the ASE."
            }
        },
        "password_ase02": {
            "type": "securestring",
            "metadata": {
                "description": "The password for the pfx filed contained in pfxBlobString."
            }
        },
        "certificateThumbprint_ase02": {
            "type": "securestring",
            "metadata": {
                "description": "The hexadecimal certificate thumbprint of the certificate contained in pfxBlobString.  All spaces need to be removed from the hex string."
            }
        },
		"blobStorageCommonSasToken": {
			"type": "securestring"
		}
    },
    "variables": {
        "splitEnvironment": "[split(parameters('environment'),'-')]",
        "environmentFullName": "[toLower(variables('splitEnvironment')[0])]",
        "location": "[toLower(variables('splitEnvironment')[1])]",
        "environment" : "[substring(variables('environmentFullName'), 0, 2)]",
        "subdomainDNSByEnv": {
			"re": {
				"subdomainDNS": "[concat(variables('environment'), 'c')]"
			},
			"pp": {
				"subdomainDNS": "[variables('environment')]"
            },
			"pr": {
				"subdomainDNS": "[variables('environment')]"
            }            
		},
		"currentSubdomainDNS": "[variables('subdomainDNSByEnv')[variables('environment')]]",
        "subdomainDNS": "[variables('currentSubdomainDNS').subdomainDNS]",
        "baseAseName": "[concat('z-afa-tran-shrd-', variables('environment'), 'a-', variables('location'))]",
        "dnsSuffix": "[concat('.', variables('subdomainDNS'), '.afa.azure.intraxa')]",
        "aseLocationByLocation": {
			"ew1": {
				"aseLocation": "West Europe"
			},
			"en1": {
				"aseLocation": "North Europe"
            }          
        },
        "currentAseLocationByLocation": "[variables('aseLocationByLocation')[variables('location')]]",
        "aseLocation": "[variables('currentAseLocationByLocation').aseLocation]"
    },
    "resources": [
        {
            /* Create an ASE (App Service Environement) for Internal WebApps (accessible only from Intranet) with Data Classification = Confidential only */
            "apiVersion": "2015-01-01",
            "name": "linkedTemplate-ase-external-app-confidential",
            "type": "Microsoft.Resources/deployments",
            "properties": {
                "mode": "Incremental",
                "templateLink": {
                    "uri": "[concat(uri(deployment().properties.templateLink.uri, './V2/ase-template.json'), parameters('blobStorageCommonSasToken'))]",
                    "contentVersion": "1.0.0.0"
                },
                "parameters": {
                    "aseName": { "value": "[concat(variables('baseAseName'), '-ase01')]" },
                    "aseLocation": { "value": "[variables('aseLocation')]" },
                    "virtualNetworksResourceGroupName": { "value": "[resourceGroup().name]" },
                    "virtualNetworksName": { "value": "[concat('z-afa-tran-shrd-', variables('environment'), 'a-', variables('location'), '-net01')]" },
                    "subnetName": { "value": "[concat('z-afa-tran-shrd-', variables('environment'), 'a-', variables('location'), '-sub01')]" },
                    "dnsSuffix": { "value": "[concat(variables('baseAseName'), '-ase01', variables('dnsSuffix'))]" }
                }
            }
        },
        {
            /* Create an ASE (App Service Environement) for Internal WebApps (accessible only from Intranet) with Data Classification = Public & Internal & Confidential */
            "apiVersion": "2015-01-01",
            "name": "linkedTemplate-ase-internal-app-public-internal-confidential",
            "type": "Microsoft.Resources/deployments",
            "properties": {
                "mode": "Incremental",
                "templateLink": {
                    "uri": "[concat(uri(deployment().properties.templateLink.uri, './V2/ase-template.json'), parameters('blobStorageCommonSasToken'))]",
                    "contentVersion": "1.0.0.0"
                },
                "parameters": {
                    "aseName": { "value": "[concat(variables('baseAseName'), '-ase02')]" },
                    "aseLocation": { "value": "[variables('aseLocation')]" },
                    "virtualNetworksResourceGroupName": { "value": "[resourceGroup().name]" },
                    "virtualNetworksName": { "value": "[concat('z-afa-tran-shrd-', variables('environment'), 'a-', variables('location'), '-net01')]" },
                    "subnetName": { "value": "[concat('z-afa-tran-shrd-', variables('environment'), 'a-', variables('location'), '-sub02')]" },
                    "dnsSuffix": { "value": "[concat(variables('baseAseName'), '-ase02', variables('dnsSuffix'))]" }
                }
            }
        },
        {
            /* Create an ASE (App Service Environement) for Internal WebApps (accessible only from Intranet) with Data Classification = Public & Internal & Confidential */
            "apiVersion": "2015-01-01",
            "name": "linkedTemplate-ase-certificate-external-app-c",
            "type": "Microsoft.Resources/deployments",
            "dependsOn": [
                "linkedTemplate-ase-external-app-confidential"
            ],
            "properties": {
                "mode": "Incremental",
                "templateLink": {
                    "uri": "[concat(uri(deployment().properties.templateLink.uri, './V2/ase-certificate-template.json'), parameters('blobStorageCommonSasToken'))]",
                    "contentVersion": "1.0.0.0"
                },
                "parameters": {
                    "aseName": { "value": "[concat(variables('baseAseName'), '-ase01')]" },
                    "aseLocation": { "value": "[variables('aseLocation')]" },
                    "pfxBlobString": { "value": "[parameters('pfxBlobString_ase01')]" },
                    "password": { "value": "[parameters('password_ase01')]" },
                    "certificateThumbprint": { "value": "[parameters('certificateThumbprint_ase01')]" },
                    "certificateName": { "value": "[concat('cert_', variables('baseAseName'), '-ase01', '_InternalLoadBalancingASE')]" }
                }
            }
        },
        {
            /* Create an ASE (App Service Environement) for Internal WebApps (accessible only from Intranet) with Data Classification = Public & Internal & Confidential */
            "apiVersion": "2015-01-01",
            "name": "linkedTemplate-ase-certificate-internal-app-pic",
            "type": "Microsoft.Resources/deployments",
            "dependsOn": [
                "linkedTemplate-ase-internal-app-public-internal-confidential"
            ],
            "properties": {
                "mode": "Incremental",
                "templateLink": {
                    "uri": "[concat(uri(deployment().properties.templateLink.uri, './V2/ase-certificate-template.json'), parameters('blobStorageCommonSasToken'))]",
                    "contentVersion": "1.0.0.0"
                },
                "parameters": {
                    "aseName": { "value": "[concat(variables('baseAseName'), '-ase02')]" },
                    "aseLocation": { "value": "[variables('aseLocation')]" },
                    "pfxBlobString": { "value": "[parameters('pfxBlobString_ase02')]" },
                    "password": { "value": "[parameters('password_ase02')]" },
                    "certificateThumbprint": { "value": "[parameters('certificateThumbprint_ase02')]" },
                    "certificateName": { "value": "[concat('cert_', variables('baseAseName'), '-ase02', '_InternalLoadBalancingASE')]" }
                }
            }
        }
    ],
    "outputs": {}
}