{
  "$schema": "https://schema.management.azure.com/schemas/2015-01-01/deploymentTemplate.json#",
  "contentVersion": "1.0.0.0",
  "parameters": {
    "networkSecurityGroupNameID": { "type": "string" },
    "networkSecurityRules": { "type": "array" },
    "environment": {
        "type": "string",
        "allowedValues": [
            "RECETTE-EW1",
            "RECETTE-EN1",
            "PPROD-EW1",
            "PPROD-EN1",
            "PROD-EW1",
            "PROD-EN1"
        ],
        "metadata": {
            "description": "The target environment formatted as ENV-AzureRegion : RECETTE = uat, PPROD = pre-production or staging, PROD = production ; EW1 = West Europe, EN1 = North Europe"
        }
    }
  },  
  "variables": {
    "splitEnvironment": "[split(parameters('environment'),'-')]",
    "environmentFullName": "[toLower(variables('splitEnvironment')[0])]",
    "location": "[toLower(variables('splitEnvironment')[1])]",
    "environment": "[substring(variables('environmentFullName'), 0, 2)]",
    "networkSecurityGroupName": "[concat('z-afa-tran-shrd-', variables('environment'), 'a-', variables('location'), '-nsg', parameters('networkSecurityGroupNameID'))]"
  }, 
  "resources": [
    {
      "apiVersion": "2015-06-15",
      "type": "Microsoft.Network/networkSecurityGroups",
      "name": "[variables('networkSecurityGroupName')]",
      "location":"[resourceGroup().location]",
      "properties": {
          "securityRules": "[parameters('networkSecurityRules')]"
      }
    }
  ],          
  "outputs": {}
}