{
	"$schema": "http://schema.management.azure.com/schemas/2015-01-01/deploymentTemplate.json#",
	"contentVersion": "1.0.0.0",
	"parameters": {
		"redisName": {
			"type": "string",
			"minLength": 1
		},
		"redisSKUName": {
			"type": "string",
			"allowedValues": [
				"Basic",
				"Standard"
			],
			"defaultValue": "Standard"
		},
		"redisSKUFamily": {
			"type": "string",
			"allowedValues": [
				"C"
			],
			"defaultValue": "C"
		},
		"redisSKUCapacity": {
			"type": "int",
			"allowedValues": [
				0,
				1,
				2,
				3,
				4,
				5,
				6
			],
			"defaultValue": 0
		}
	},
	"variables": {		
		"redisId": "[concat('/subscriptions/',subscription().subscriptionId,'/resourceGroups/', resourceGroup().name,'/providers/','Microsoft.Cache/Redis/', parameters('redisName'))]"
	},
	"resources": [{
		"name": "[parameters('redisName')]",
		"type": "Microsoft.Cache/Redis",
		"location": "[resourceGroup().location]",
		"apiVersion": "2015-08-01",
		"dependsOn": [],
		"tags": {
			"displayName": "redis"
		},
		"properties": {
			"sku": {
				"name": "[parameters('redisSKUName')]",
				"family": "[parameters('redisSKUFamily')]",
				"capacity": "[parameters('redisSKUCapacity')]"
			}
		}
	}],
	"outputs": {
		"Redis": {
			"type": "string",
			"value": "[concat(parameters('redisName'),'.redis.cache.windows.net:6380,ssl=True,abortConnect=False,password=', listKeys(variables('redisId'),'2015-08-01').primaryKey)]"
		}
	}
}