{
    "id": "#{DAILYCLEAN_TASKID}#",
    "name": "DailyClean - Redeploy",
    "friendlyName": "#{EXPERIMENTAL}#DailyClean Redeploy",
    "description": "Task use to redeploy the last successful release for stage",
    "helpMarkDown": "[More Information](https://url.to/yourmarkdown)",
    "category": "Deploy",
    "visibility": [
      "Release"
    ],
    "author": "AXA France IA-Ops",
    "version": {
        "Major": 0,
        "Minor": 1,
        "Patch": 0
    },
    "demands": [],
    "groups": [],
    "inputs": [
        {
            "name": "dryrun",
            "type": "picklist",
            "label": "Dry Run",
            "defaultValue": "false",
            "options": {
                "true": "True",
                "false": "False"
            },
            "required": true,
            "helpMarkDown": "With this option, you are able to get the release will should be redeploy for this stage, nothing will be deploy"
        }
    ],
    "dataSourceBindings": [],
    "instanceNameFormat": "#{EXPERIMENTAL}#DailyClean Redeploy",
    "execution": {
        "PowerShell3": {
        "target": "$(currentDirectory)\\setNextDeployWrapper.ps1",
        "workingDirectory": "$(currentDirectory)"
        }
    }
}