{
	"$schema": "https://schema.management.azure.com/schemas/2015-01-01/deploymentTemplate.json#",
	"contentVersion": "1.0.0.0",
	"parameters": {
		"baseName": {
			"type": "string"
		},
		"idResourceGroup": {
			"type": "string",
			"defaultValue": "01"
		}
	},
	"variables": {
		"trafficManagerProfilesName": "[concat(parameters('baseName'), '-tfm', parameters('idResourceGroup'))]"
	},
	"resources": [{
		"apiVersion": "2017-05-01",
		"type": "Microsoft.Network/trafficManagerProfiles",
		"name": "[variables('trafficManagerProfilesName')]",
		"location": "global",
		"properties": {
			"profileStatus": "Enabled",
			"trafficRoutingMethod": "Priority",
			"dnsConfig": {
				"relativeName": "[variables('trafficManagerProfilesName')]",
				"ttl": 30
			},
			"monitorConfig": {
				"protocol": "HTTP",
				"port": 80,
				"path": "/"
			}
		}
	}],
	"outputs": {		
		"trafficManagerProfilesName": {
			"type": "string",
			"value": "[variables('trafficManagerProfilesName')]"
		}
	}
}