{
	"$schema": "http://schema.management.azure.com/schemas/2015-01-01/deploymentTemplate.json",
	"contentVersion": "1.0.0.0",
	"parameters": {
		"baseName": {
			"type": "string"
		},
		"useSqlDBServer": {
			"type": "bool"
		},
		"appName": {
			"type": "string",
			"defaultValue": ""
		},
		"webappName": {
			"type": "string"
		},
		"environment": {
			"type": "string"
		},
		"customHostNames": {
			"type": "array",
			"defaultValue": "[array(json('[]'))]"
		},
		"appSettings": {
			"type": "array"
		},
		"appType": {
			"type": "string",
			"allowedValues": [
				".net",
				"node.js",
				"java"
			],
			"defaultValue": ""
		},
		"kind": {
			"type": "string"
		},
		"dataBaseInfos": {
			"type": "object",
			"defaultValue": {
				"sqlFullyQualifiedDomainName": "",
				"sqlServerName": "",
				"sqlDatabaseName": "",
				"sqlserverUserLogin": "",
				"sqlserverSysAdminLogin": ""
			}
		},
		"sqlserverUserPassword": {
			"type": "securestring",
			"defaultValue": ""
		},
		"blobStorageCommonSasToken": {
			"type": "securestring"
		},
		"idResourceGroup": {
			"type": "string",
			"defaultValue": "01"
		},
		"location": {
			"type": "string"
		},
		"corridor": {
			"type": "string"
		},
		"javaVersion": {
			"type": "string"
		},
		"javaContainer": {
			"type": "string"
		},
		"javaContainerVersion": {
			"type": "string"
		}
	},
	"variables": {
		"workspaceResourceGroupName": "[concat('z-afa-tran-shrd-', parameters('environment'), 'a-', parameters('location'), '-rgp01')]",
		"workspaceName": "[concat('z-afa-tran-shrd-', parameters('environment'), 'a-', parameters('location'), '-oms01')]",
		"storageAccountName": "[concat(replace(variables('webappName'), '-', ''))]",
		"websiteContentShare": [{
			"name": "WEBSITE_CONTENTSHARE",
			"value": "[toLower(variables('webappName'))]"
		}],
		"servicePlanNamebyKind": {
			"app": {
				"name": "[concat(parameters('baseName'), '-sp', parameters('idResourceGroup'))]"
			},
			"functionapp": {
				"name": "[concat(parameters('baseName'), '-dsp', parameters('idResourceGroup'))]"
			}
		},
		"servicePlanName": "[variables('servicePlanNamebyKind')[parameters('kind')]]",
		"currentServicePlanName": "[variables('servicePlanName').name]",
		"connectionStringbyApptype": {
			".net": {
				"connectionString": "[concat('Server=tcp:', parameters('dataBaseInfos').sqlFullyQualifiedDomainName, ',1433;Database=', parameters('dataBaseInfos').sqlDatabaseName, ';User Id=', parameters('dataBaseInfos').sqlserverUserLogin, '@', parameters('dataBaseInfos').sqlServerName, ';Password=', parameters('sqlserverUserPassword'), ';Encrypt=True', ';TrustServerCertificate=False', ';Connection Timeout=30', ';')]"
			},
			"node.js": {
				"connectionString": "[concat('mssql://', parameters('dataBaseInfos').sqlserverUserLogin, ':', parameters('sqlserverUserPassword'), '@', parameters('dataBaseInfos').sqlFullyQualifiedDomainName, '/', parameters('dataBaseInfos').sqlDatabaseName, '?encrypt=true')]"
			},
			"java": {
				"connectionString": "[concat('jdbc:sqlserver://', parameters('dataBaseInfos').sqlFullyQualifiedDomainName, ',1433;database=', parameters('dataBaseInfos').sqlDatabaseName, ';user=', parameters('dataBaseInfos').sqlserverUserLogin, '@', parameters('dataBaseInfos').sqlServerName, ';password=', parameters('sqlserverUserPassword'), ';encrypt=True', ';TrustServerCertificate=False', ';hostNameInCertificate=*.database.windows.net', ';loginTimeout=30', ';')]"
			}
		},
		"currentconnectionString": "[variables('connectionStringbyApptype')[parameters('appType')]]",
		"connectionString": "[variables('currentconnectionString').connectionString]",
		"webappName": "[concat(parameters('webappName'), '-', parameters('environment'), parameters('corridor'), '-', parameters('location'), '-', parameters('idResourceGroup'))]",
		"DynatraceAppSettings": [{
				"name": "COR_ENABLE_PROFILING",
				"value": "1"
			},
			{
				"name": "COR_PROFILER_PATH",
				"value": "d:\\home\\site\\wwwroot\\App_Data\\dynatrace\\agent\\lib64\\dtagent.dll"
			},
			{
				"name": "COR_PROFILER",
				"value": "{DA7CFC47-3E35-4C4E-B495-534F93B28683}"
			},
			{
				"name": "DT_AGENTNAME",
				"value": "[concat('Cloud_NetAgent_', variables('WebAppName'))]"
			},
			{
				"name": "DT_AGENTACTIVE",
				"Value": "true"
			}
		],
		"DT_SERVER": {
			"dv": [{
				"name": "DT_SERVER",
				"value": "10.63.145.6"
			}],
			"in": [{
				"name": "DT_SERVER",
				"value": "10.63.145.6"
			}],
			"de": [{
				"name": "DT_SERVER",
				"value": "10.63.145.6"
			}],
			"re": [{
				"name": "DT_SERVER",
				"value": "10.63.145.6"
			}],
			"pp": [{
				"name": "DT_SERVER",
				"value": "10.63.149.6"
			}],
			"pr": [{
				"name": "DT_SERVER",
				"value": "10.63.153.6"
			}]
		},
		"workaround": {
			"true": "[parameters('customHostNames')]",
			"false": [{
				"name": "workaround",
				"properties": {}
			}]
		},
		"hostNames": "[variables('workaround')[string(greater(length(parameters('customHostNames')), 0))]]"
	},
	"resources": [{
			"apiVersion": "2017-05-10",
			"name": "linkedTemplateAi",
			"type": "Microsoft.Resources/deployments",
			"properties": {
				"mode": "Incremental",
				"templateLink": {
					"uri": "[concat(uri(deployment().properties.templateLink.uri, '../AppInsights/ain-template.json'), parameters('blobStorageCommonSasToken'))]",
					"contentVersion": "1.0.0.0"
				},
				"parameters": {
					"appInsightsRealName": {
						"value": "[concat(variables('webappName'), '-appInsights')]"
					}
				}
			}
		},
		{
			"apiVersion": "2017-05-10",
			"name": "linkedTemplateSa",
			"type": "Microsoft.Resources/deployments",
			"condition": "[equals(parameters('kind'), 'functionapp' )]",
			"properties": {
				"mode": "Incremental",
				"templateLink": {
					"uri": "[concat(uri(deployment().properties.templateLink.uri, '../StorageAccount/sa-template.json'), parameters('blobStorageCommonSasToken'))]",
					"contentVersion": "1.0.0.0"
				},
				"parameters": {
					"storageAccountName": {
						"value": "[variables('storageAccountName')]"
					}
				}
			}
		},
		{
			"name": "[variables('webappName')]",
			"type": "Microsoft.Web/sites",
			"location": "[resourceGroup().location]",
			"apiVersion": "2016-08-01",
			"kind": "[parameters('kind')]",
			"dependsOn": [
				"linkedTemplateAi",
				"linkedTemplateSa"
			],
			"tags": {
				"displayName": "[variables('webappName')]"
			},
			"properties": {
				"name": "[variables('webappName')]",
				"serverFarmId": "[resourceId('Microsoft.Web/serverfarms/', variables('currentServicePlanName'))]",
				"clientAffinityEnabled": false,
				"httpsOnly": true,
				"siteConfig": {
					"AlwaysOn": "[if(equals(parameters('kind'), 'app'), 'true', 'false')]",
					"use32BitWorkerProcess": false,
					"clientAffinityEnabled": false,
					"phpVersion": "",
					"pythonVersion": "",
					"javaVersion": "[parameters('javaVersion')]",
					"javaContainer": "[parameters('javaContainer')]",
					"javaContainerVersion": "[parameters('javaContainerVersion')]",
					"appSettings": "[concat(reference('linkedTemplateAi').outputs.LogInstrumentationKey.value, if(equals(parameters('kind'), 'functionapp'), concat(reference('linkedTemplateSa').outputs.storageAccountInfosForFunction.value, variables('websiteContentShare')), array(json('[]'))), parameters('appSettings'), variables('DT_SERVER')[parameters('environment')], variables('DynatraceAppSettings'))]"
				}
			}
		},
		{
			"name": "[concat(variables('webappName'), '/connectionstrings')]",
			"type": "Microsoft.Web/sites/config",
			"condition": "[equals(parameters('useSqlDBServer'), bool('true'))]",
			"apiVersion": "2016-08-01",
			"dependsOn": [
				"[variables('webappName')]"
			],
			"properties": {
				"[concat(parameters('appName'), 'Context')]": {
					"value": "[variables('connectionString')]",
					"type": "SQLAzure"
				}
			}
		},
		{
			"apiVersion": "2017-05-10",
			"type": "Microsoft.Resources/deployments",
			"name": "[concat(take(variables('webappName'), 42), '-', 'hostnameSslBindings', '-', copyIndex(1))]",
			"condition": "[greater(length(parameters('customHostNames')),0)]",
			"dependsOn": [
				"[concat('Microsoft.Web/sites/',variables('webappName'))]",
				"[concat(variables('webappName'), '-', 'certificates', '-', copyIndex(1))]"
			],
			"copy": {
				"name": "customHostNamescopy",
				"count": "[length(variables('hostNames'))]",
				"mode": "serial",
				"batchSize": 1
			},
			"properties": {
				"mode": "Incremental",
				"templateLink": {
					"uri": "[concat(uri(deployment().properties.templateLink.uri, 'HostnameBindings/sslhostnamebindings-template.json'), parameters('blobStorageCommonSasToken'))]",
					"contentVersion": "1.0.0.0"
				},
				"parameters": {
					"webappName": {
						"value": "[variables('webappName')]"
					},
					"customHostName": {
						"value": "[parameters('customHostNames')[copyIndex()].name]"
					},
					"certificateThumbprint": {
						"value": "[if(greater(length(parameters('customHostNames')),0), reference(concat(variables('webappName'), '-', 'certificates', '-', copyIndex(1))).outputs.thumbprint.value, '')]"
					}
				}
			}
		},
		{
			"apiVersion": "2017-05-10",
			"type": "Microsoft.Resources/deployments",
			"name": "[concat(variables('webappName'), '-', 'certificates', '-', copyIndex(1))]",
			"condition": "[greater(length(parameters('customHostNames')),0)]",
			"dependsOn": [
				"[concat('Microsoft.Web/sites/', variables('webappName'))]"
			],
			"copy": {
				"name": "certificatescopy",
				"count": "[length(variables('hostNames'))]",
				"mode": "serial",
				"batchSize": 1
			},
			"properties": {
				"mode": "Incremental",
				"templateLink": {
					"uri": "[concat(uri(deployment().properties.templateLink.uri, '../WebApp/Certificates/sslcertificate-template.json'), parameters('blobStorageCommonSasToken'))]",
					"contentVersion": "1.0.0.0"
				},
				"parameters": {
					"certificateInfo": {
						"value": "[parameters('customHostNames')[copyIndex()].certificate]"
					}
				}
			}
		}
	],
	"outputs": {
		"webappName": {
			"type": "string",
			"value": "[variables('webappName')]"
		},
		"hostNames": {
			"type": "array",
			"value": "[reference(variables('webappName')).hostNames]"
		},
		"possibleOutboundIpAddresses": {
			"type": "string",
			"value": "[reference(variables('webappName')).possibleOutboundIpAddresses]"
		}
	}
}