{
	"$schema": "https://schema.management.azure.com/schemas/2015-01-01/deploymentParameters.json#",
	"contentVersion": "1.0.0.0",
	"parameters": {
		"scriptDSCToExecute": {
			"value": "#{SCRIPT_DSC_TO_EXECUTE}#"
		},
		"vmName": {
			"value": "#{VM_NAME}#"
		},
		"vmSize": {
			"value": "#{VM_SIZE}#"
		},
		"privateIPAdress": {
			"value": "#{PRIVATE_IP_ADRESS}#"
		},
		"publicIPAllocationMethod": {
			"value": "#{PUBLIC_IP_ALLOCATION_METHOD}#"
		},
		"vnetName": {
			"value": "#{VNET_NAME}#"
		},
		"subnetName": {
			"value": "#{SUBNET_NAME}#"
		},
		"imageReferencePublisher": {
			"value": "#{IMAGE_REFERENCE_PUBLISHER}#"
		},
		"imageReferenceOffer": {
			"value": "#{IMAGE_REFERENCE_OFFER}#"
		},
		"imageReferenceSku": {
			"value": "#{IMAGE_REFERENCE_SKU}#"
		},
		"imageReferenceVersion": {
			"value": "#{IMAGE_REFERENCE_VERSION}#"
		},
		"osDiskcaching": {
			"value": "#{OS_DISK_CACHING}#"
		},
		"osDiskcreateOption": {
			"value": "#{OS_DISK_CREATE_OPTION}#"
		},
		"adminUsername": {
			"value": "#{ADMIN_USER_NAME}#"
		},
		"adminPassword": {
			"value": "#{ADMIN_PASSWORD}#"
		},
		"_artifactsLocation": {
			"value": "#{TEMP_GLOBAL_StorageAccount_Common_Uri}#"
		},
		"_artifactsLocationSasToken": {
			"value": "#{TEMP_GLOBAL_StorageAccount_Common_SasToken}#"
		},
		"vstsAccount": {
			"value": "#{VSTS_ACCOUNT}#"
		},
		"personalAccessToken": {
			"value": "#{PAT}#"
		},
		"agentName": {
			"value": "#{AGENT_NAME}#"
		},
		"poolName": {
			"value": "#{POOL_NAME}#"
		},
		"environment": {
			"value": "#{Release.EnvironmentName}#"
		},
		"numberOfAgents": {
			"value": "#{NUMBER_OF_AGENTS}#"
		},
		"serverDynatrace": {
			"value": "#{SERVER_DYNATRACE}#"
		},
		"portDynatrace": {
			"value": "#{PORT_DYNATRACE}#"
		}
	}
}