{
	"$schema": "https://schema.management.azure.com/schemas/2015-01-01/deploymentTemplate.json#",
	"contentVersion": "1.0.0.0",
	"parameters": {
		"scriptDSCToExecute": {
			"type": "string"
		},
		"vmName": {
			"type": "string"
		},
		"vmSize": {
			"type": "string"
		},
		"privateIPAdress": {
			"type": "string"
		},
		"publicIPAllocationMethod": {
			"type": "string"
		},		
		"vnetName": {
			"type": "string"
		},
		"subnetName": {
			"type": "string"
		},
		"imageReferencePublisher": {
			"type": "string"
		},
		"imageReferenceOffer": {
			"type": "string"
		},
		"imageReferenceSku": {
			"type": "string"
		},
		"imageReferenceVersion": {
			"type": "string"
		},
		"osDiskcaching": {
			"type": "string"
		},
		"osDiskcreateOption": {
			"type": "string"
		},
		"adminUsername": {
			"type": "string"
		},
		"adminPassword": {
			"type": "securestring"
		},
		"_artifactsLocation": {
			"type": "string"
		},
		"_artifactsLocationSasToken": {
			"type": "string"
		},
		"vstsAccount": {
			"type": "string"
		},
		"personalAccessToken": {
			"type": "securestring"
		},
		"agentName": {
			"type": "string"
		},
		"poolName": {
			"type": "string"
		},
		"environment": {
			"type": "string"
		},
		"numberOfAgents": {
			"type": "string"
		},
		"serverDynatrace": {
			"type": "string"
		},
		"portDynatrace": {
			"type": "string"
		}
	},
	"variables": {
		"publicIPAdressName": "[concat(parameters('vmName'), '-pip')]",
		"networkInterfaceName": "[concat(parameters('vmName'), '-nic')]",
		"osDiskName": "[concat(parameters('vmName'), '-disk')]",
		"poolName": "[concat('\"', parameters('poolName'), '\"')]"

	},
	"resources": [{
			"apiVersion": "2016-03-30",
			"type": "Microsoft.Network/publicIPAddresses",
			"name": "[variables('publicIPAdressName')]",
			"location": "[resourceGroup().location]",
			"properties": {
				"publicIPAllocationMethod": "[parameters('publicIPAllocationMethod')]",
				"dnsSettings": {
					"domainNameLabel": "[parameters('vmName')]"
				}
			}
		},
		{
			"apiVersion": "2016-03-30",
			"type": "Microsoft.Network/networkInterfaces",
			"name": "[variables('networkInterfaceName')]",
			"location": "[resourceGroup().location]",
			"dependsOn": [
				"[resourceId('Microsoft.Network/publicIPAddresses/', variables('publicIPAdressName'))]"
			],
			"properties": {
				"ipConfigurations": [{
					"name": "ipconfig2",
					"properties": {
						"privateIPAddress": "[parameters('privateIPAdress')]",
						"privateIPAllocationMethod": "Static",
						"publicIPAddress": {
							"id": "[resourceId('Microsoft.Network/publicIPAddresses',variables('publicIPAdressName'))]"
						},
						"subnet": {
							"id": "[resourceId('Microsoft.Network/virtualNetworks/subnets', parameters('vnetName'), parameters('subnetName'))]"
						}
					}
				}]
			}
		},
		{
			"apiVersion": "2017-03-30",
			"type": "Microsoft.Compute/virtualMachines",
			"name": "[parameters('vmName')]",
			"location": "[resourceGroup().location]",
			"dependsOn": [
				"[resourceId('Microsoft.Network/networkInterfaces/', variables('networkInterfaceName'))]"
			],
			"properties": {
				"hardwareProfile": {
					"vmSize": "[parameters('vmSize')]"
				},
				"osProfile": {
					"computerName": "[parameters('vmName')]",
					"adminUsername": "[parameters('adminUsername')]",
					"adminPassword": "[parameters('adminPassword')]"
				},
				"storageProfile": {
					"imageReference": {
						"publisher": "[parameters('imageReferencePublisher')]",
						"offer": "[parameters('imageReferenceOffer')]",
						"sku": "[parameters('imageReferenceSku')]",
						"version": "[parameters('imageReferenceVersion')]"
					},
					"osDisk": {
						"name": "[variables('osDiskName')]",
						"caching": "[parameters('osDiskcaching')]",
						"createOption": "[parameters('osDiskcreateOption')]"
					}
				},
				"networkProfile": {
					"networkInterfaces": [{
						"id": "[resourceId('Microsoft.Network/networkInterfaces',variables('networkInterfaceName'))]"
					}]
				}
			},
			"resources": [{
					"name": "Microsoft.Powershell.DSC",
					"type": "extensions",
					"location": "[resourceGroup().location]",
					"apiVersion": "2017-03-30",
					"dependsOn": [
						"[resourceId('Microsoft.Compute/virtualMachines', parameters('vmName'))]"
					],
					"tags": {
						"displayName": "ConfigureMasterImage"
					},
					"properties": {
						"publisher": "Microsoft.Powershell",
						"type": "DSC",
						"typeHandlerVersion": "2.26",
						"autoUpgradeMinorVersion": true,
						"settings": {
							"configuration": {
								"url": "[concat(parameters('_artifactsLocation'), '/', 'VirtualMachine/tools/DSC/ConfigureMasterImage.zip')]",
								"script": "[parameters('scriptDSCToExecute')]",
								"function": "Main"
							},
							"configurationArguments": {
								"nodeName": "[parameters('vmName')]"
							}
						},
						"protectedSettings": {
							"configurationUrlSasToken": "[parameters('_artifactsLocationSasToken')]"
						}
					}
				},
				{
					"apiVersion": "2017-03-30",
					"type": "extensions",
					"name": "Bginfo",
					"location": "[resourceGroup().location]",
					"dependsOn": [
						"[resourceId('Microsoft.Compute/virtualMachines', parameters('vmName'))]"
					],
					"tags": {
						"displayName": "BG Info Extension"
					},
					"properties": {
						"publisher": "Microsoft.Compute",
						"type": "BGInfo",
						"typeHandlerVersion": "2.1",
						"autoUpgradeMinorVersion": true
					}
				},
				{
					"condition": "[equals(parameters('scriptDSCToExecute'),'ConfigureVmAgentVSTS.ps1')]",
					"name": "AgentVSTS",
					"type": "extensions",
					"location": "[resourceGroup().location]",
					"apiVersion": "2015-06-15",
					"dependsOn": [
						"[concat('Microsoft.Compute/virtualMachines/', parameters('vmName'))]",
						"[resourceId('Microsoft.Compute/virtualMachines/extensions', parameters('vmName'), 'Microsoft.Powershell.DSC')]"
					],
					"tags": {
						"displayName": "AgentVSTS"
					},
					"properties": {
						"publisher": "Microsoft.Compute",
						"type": "CustomScriptExtension",
						"typeHandlerVersion": "1.9",
						"settings": {
							"fileUris": [
								"[concat(parameters('_artifactsLocation'), '/', 'VirtualMachine/tools/agent_release_vsts/InstallVSTSAgent.ps1', parameters('_artifactsLocationSasToken'))]"
							],
							"commandToExecute": "[concat('powershell -ExecutionPolicy Unrestricted -File VirtualMachine/tools/agent_release_vsts/InstallVSTSAgent.ps1',' -Environment ', parameters('environment'), ' -VSTSAccount ', parameters('vstsAccount'), ' -PersonalAccessToken ', parameters('personalAccessToken'), ' -AgentName ', parameters('agentName'), ' -PoolName ', variables('poolName'), ' -NumberOfAgents ', parameters('numberOfAgents'), ' -AgentAccountName ', parameters('adminUsername'), ' -AgentAccountPassword ', parameters('adminPassword'))]"
						}
					}
				},
				{
					"condition": "[equals(parameters('scriptDSCToExecute'),'ConfigureVmDynatrace.ps1')]",
					"name": "CollectorDynatrace",
					"type": "extensions",
					"location": "[resourceGroup().location]",
					"apiVersion": "2015-06-15",
					"dependsOn": [
						"[concat('Microsoft.Compute/virtualMachines/', parameters('vmName'))]",
						"[resourceId('Microsoft.Compute/virtualMachines/extensions', parameters('vmName'), 'Microsoft.Powershell.DSC')]"
					],
					"tags": {
						"displayName": "CollectorDynatrace"
					},
					"properties": {
						"publisher": "Microsoft.Compute",
						"type": "CustomScriptExtension",
						"typeHandlerVersion": "1.9",
						"settings": {
							"fileUris": [
								"[concat(parameters('_artifactsLocation'), '/', 'VirtualMachine/tools/dynatrace/ConfigureCollector.ps1', parameters('_artifactsLocationSasToken'))]"
							],
							"commandToExecute": "[concat('powershell -ExecutionPolicy Unrestricted -File VirtualMachine/tools/dynatrace/ConfigureCollector.ps1',' -ServerDynatrace ', parameters('serverDynatrace'), ' -PortDynatrace ', parameters('portDynatrace'),' -erroraction ', 'silentlycontinue')]"
						}
					}
				}
			]
		}
	]
}