{
	"$schema": "http://schema.management.azure.com/schemas/2015-01-01/deploymentTemplate.json#",
	"contentVersion": "1.0.0.0",
	"parameters": {
		"baseName": {
			"type": "string"
		},			
		"kind": {
			"type": "string"
		},
		"idResourceGroup": {
			"type": "string"
		},		
		"servicePlanLocation": {
			"type": "string"
		}
	},
	"variables": {
		"servicePlanInfosbyKind": {
			"app": {
				"name": "[concat(parameters('baseName'), '-sp', parameters('idResourceGroup'))]",
				"skuTier": "Basic",
				"skuSize": "B1",
				"skuFamily": "B",
				"skuCapacity": "1"
			},
			"functionapp": {
				"name": "[concat(parameters('baseName'), '-dsp', parameters('idResourceGroup'))]",
				"skuTier": "Dynamic",
				"skuSize": "Y1",
				"skuFamily": "Y",
				"skuCapacity": "0"
			}
		},
		"servicePlanInfos": "[variables('servicePlanInfosbyKind')[parameters('kind')]]",
		"location": "[if(equals(parameters('servicePlanLocation'), 'ew1'), 'West Europe', 'North Europe')]"
	},
	"resources": [{
		"name": "[variables('servicePlanInfos').name]",
		"type": "Microsoft.Web/serverfarms",
		"location": "[variables('location')]",
		"apiVersion": "2016-09-01",
		"dependsOn": [],
		"tags": {
			"[concat('hidden-related:', resourceGroup().id, '/providers/Microsoft.Web/serverfarms/', variables('servicePlanInfos').name)]": "Resource",
			"displayName": "[variables('servicePlanInfos').name]"
		},
		"properties": {
			"name": "[variables('servicePlanInfos').name]",
			"perSiteScaling": false
		},
		"sku": {
			"tier": "[variables('servicePlanInfos').skuTier]",
			"name": "[variables('servicePlanInfos').skuSize]",
			"size": "[variables('servicePlanInfos').skuSize]",
			"family": "[variables('servicePlanInfos').skuFamily]",
			"capacity": "[variables('servicePlanInfos').skuCapacity]"
		}
	}],
	"outputs": {
		"serverFarmId": {
			"type": "string",
			"value": "[resourceId('Microsoft.Web/serverfarms', variables('servicePlanInfos').name)]"
		}
	}
}