{
    "$schema": "https://schema.management.azure.com/schemas/2015-01-01/deploymentParameters.json#",
    "contentVersion": "1.0.0.0",
    "parameters":{        
		"functionappsToDeploy": {
            "value": {
                "functionApps": [
                    {
                        "functionappName": "omskpi-fct",
                        "dynamicServicePlanResourceGroupName": "z-afa-tran-shrd-ppa-ew1-rgp01",
						"storageAccountName": "omsfctsa",
                        "dynamicServicePlanName": "z-afa-tran-shrd-ppa-ew1-dsp01",
                        "appSettings": [                            						
							{
                                "name":"WEBSITE_CONTENTSHARE",
                                "value":"omskpi-fct"
                            },
                            {
                                "name":"FUNCTIONS_EXTENSION_VERSION",
                                "value":"~1"
                            },
							{
                                "name":"WEBSITE_NODE_DEFAULT_VERSION",
                                "value":"6.5.0"
                            },
							{
                                "name":"WORKSPACE_ID",
                                "value":"#{ARMOutputcustomerId}#"
                            },
							{
                                "name":"SHARED_KEY",
                                "value":"#{primarySharedKey}#"
                            },
							{
                                "name":"SUBSCRIPTION_ID",
                                "value":"#{SUBSCRIPTION_ID}#"
                            },
							{
                                "name":"TENANT_ID",
                                "value":"#{TENANT_ID}#"
                            },
							{
                                "name":"CLIENT_ID",
                                "value":"#{CLIENT_ID}#"
                            },
							{
                                "name":"CLIENT_SECRET",
                                "value":"#{CLIENT_SECRET}#"
                            },
							{
                                "name":"ENVIRONMENT",
                                "value":"#{TEMP_Environment2Letters}#"
                            }
                        ]
                    }
                ]
            }
        }
    }
}