{
  "$schema": "https://schema.management.azure.com/schemas/2015-01-01/deploymentTemplate.json#",
  "contentVersion": "1.0.0.0",
  "parameters": {
    "actionGroupName": {
      "type": "string",
      "metadata": {
        "description": "Unique name (within the Resource Group) for the Action group."
      }
    },
    "actionGroupShortName": {
      "type": "string",
      "metadata": {
        "description": "Short name (maximum 12 characters) for the Action group."
      }
    }
  },
  "resources": [
    {
      "type": "Microsoft.Insights/actionGroups",
      "apiVersion": "2017-03-01-preview",
      "name": "[parameters('actionGroupName')]",
      "location": "Global",
      "properties": {
        "groupShortName": "[parameters('actionGroupShortName')]",
        "enabled": true,
        "smsReceivers": [],
        "emailReceivers": [
          {
            "name": "Youssef LASFAR",
            "emailAddress": "youssef.lasfar.infotel@axa.fr"
          },
          {
            "name": "Matthias BLANQUER",
            "emailAddress": "matthias.blanquer@axa.fr"
          },
		  {
            "name": "Thomas ROUSSET",
            "emailAddress": "thomas.rousset@axa.fr"
          },
		  {
            "name": "Florizon MBENKUI",
            "emailAddress": "florizon.mbenkui.onepoint@axa.fr"
          },
		  {
            "name": "Khaled MAHMOUD",
            "emailAddress": "khaled.mahmoud@axa-tech.com"
          },
		  {
            "name": "Romain SZLADEK",
            "emailAddress": "romain.szladek@axa-tech.com"
          }
        ],
        "webhookReceivers": []
      }
    }
  ],
  "outputs":{
      "actionGroupId":{
          "type":"string",
          "value":"[resourceId('Microsoft.Insights/actionGroups',parameters('actionGroupName'))]"
      }
  }
}