{
	"$schema": "http://schema.management.azure.com/schemas/2015-01-01/deploymentTemplate.json#",
	"contentVersion": "1.0.0.0",
	"parameters": {
		"secretValue": {
			"type": "string",
			"defaultValue": "1234"
		},
		"secretName": {
			"type": "string",
			"metadata": {
				"description": "Key Vault to be created. Web site will be granted access to this Key Vault."
			}
		},
		"KeyVaultName": {
			"type": "string",
			"metadata": {
				"description": "Name of the existing Keyvault instance"
			}
		}
	},
	"variables": {},
	"resources": [{
		"type": "Microsoft.KeyVault/vaults/secrets",
		"name": "[concat(parameters('KeyVaultName'), '/', parameters('secretName'))]",
		"apiVersion": "2015-06-01",
		"properties": {
			"value": "[parameters('secretValue')]"
		},
		"dependsOn": []
	}]
}