{
    "source": 2,
    "revision": 3,
    "description": "dailyClean release version 1.0.0",
    "createdBy": {
        "displayName": "Clement POUMAREDE",
        "url": "https://spsprodweu2.vssps.visualstudio.com/Ae3f6760c-15be-4fbf-8355-748ea734e752/_apis/Identities/d331ee18-fb00-4d90-b4a4-1c40217273e4",
        "_links": {
            "avatar": {
                "href": "https://axafrance.visualstudio.com/_apis/GraphProfile/MemberAvatars/aad.MTZlNTg1MDUtZWI5MS03MWQ5LTg0ODMtOGFkOGRkMWMxMTJm"
            }
        },
        "id": "d331ee18-fb00-4d90-b4a4-1c40217273e4",
        "uniqueName": "clement.poumarede@axa.fr",
        "imageUrl": "https://axafrance.visualstudio.com/_apis/GraphProfile/MemberAvatars/aad.MTZlNTg1MDUtZWI5MS03MWQ5LTg0ODMtOGFkOGRkMWMxMTJm",
        "descriptor": "aad.MTZlNTg1MDUtZWI5MS03MWQ5LTg0ODMtOGFkOGRkMWMxMTJm"
    },
    "createdOn": "2019-05-24T08:24:24.093Z",
    "modifiedBy": {
        "displayName": "Clement POUMAREDE",
        "url": "https://spsprodweu2.vssps.visualstudio.com/Ae3f6760c-15be-4fbf-8355-748ea734e752/_apis/Identities/d331ee18-fb00-4d90-b4a4-1c40217273e4",
        "_links": {
            "avatar": {
                "href": "https://axafrance.visualstudio.com/_apis/GraphProfile/MemberAvatars/aad.MTZlNTg1MDUtZWI5MS03MWQ5LTg0ODMtOGFkOGRkMWMxMTJm"
            }
        },
        "id": "d331ee18-fb00-4d90-b4a4-1c40217273e4",
        "uniqueName": "clement.poumarede@axa.fr",
        "imageUrl": "https://axafrance.visualstudio.com/_apis/GraphProfile/MemberAvatars/aad.MTZlNTg1MDUtZWI5MS03MWQ5LTg0ODMtOGFkOGRkMWMxMTJm",
        "descriptor": "aad.MTZlNTg1MDUtZWI5MS03MWQ5LTg0ODMtOGFkOGRkMWMxMTJm"
    },
    "modifiedOn": "2019-05-24T09:31:48.023Z",
    "isDeleted": false,
    "variables": {},
    "variableGroups": [],
    "environments": [
        {
            "id": 28,
            "name": "Clean-%Env to clean%",
            "rank": 2,
            "owner": {
                "displayName": "Clement POUMAREDE",
                "url": "https://spsprodweu2.vssps.visualstudio.com/Ae3f6760c-15be-4fbf-8355-748ea734e752/_apis/Identities/d331ee18-fb00-4d90-b4a4-1c40217273e4",
                "_links": {
                    "avatar": {
                        "href": "https://axafrance.visualstudio.com/_apis/GraphProfile/MemberAvatars/aad.MTZlNTg1MDUtZWI5MS03MWQ5LTg0ODMtOGFkOGRkMWMxMTJm"
                    }
                },
                "id": "d331ee18-fb00-4d90-b4a4-1c40217273e4",
                "uniqueName": "clement.poumarede@axa.fr",
                "imageUrl": "https://axafrance.visualstudio.com/_apis/GraphProfile/MemberAvatars/aad.MTZlNTg1MDUtZWI5MS03MWQ5LTg0ODMtOGFkOGRkMWMxMTJm",
                "descriptor": "aad.MTZlNTg1MDUtZWI5MS03MWQ5LTg0ODMtOGFkOGRkMWMxMTJm"
            },
            "variables": {},
            "variableGroups": [],
            "preDeployApprovals": {
                "approvals": [
                    {
                        "rank": 1,
                        "isAutomated": true,
                        "isNotificationOn": false,
                        "id": 86
                    }
                ],
                "approvalOptions": {
                    "requiredApproverCount": null,
                    "releaseCreatorCanBeApprover": false,
                    "autoTriggeredAndPreviousEnvironmentApprovedCanBeSkipped": false,
                    "enforceIdentityRevalidation": false,
                    "timeoutInMinutes": 0,
                    "executionOrder": 1
                }
            },
            "deployStep": {
                "id": 89
            },
            "postDeployApprovals": {
                "approvals": [
                    {
                        "rank": 1,
                        "isAutomated": true,
                        "isNotificationOn": false,
                        "id": 90
                    }
                ],
                "approvalOptions": {
                    "requiredApproverCount": null,
                    "releaseCreatorCanBeApprover": false,
                    "autoTriggeredAndPreviousEnvironmentApprovedCanBeSkipped": false,
                    "enforceIdentityRevalidation": false,
                    "timeoutInMinutes": 0,
                    "executionOrder": 2
                }
            },
            "deployPhases": [
                {
                    "deploymentInput": {
                        "parallelExecution": {
                            "parallelExecutionType": 0
                        },
                        "agentSpecification": null,
                        "skipArtifactsDownload": false,
                        "artifactsDownloadInput": {
                            "downloadInputs": []
                        },
                        "queueId": 8779,
                        "demands": [
                            "azure_env -equals rec"
                        ],
                        "enableAccessToken": true,
                        "timeoutInMinutes": 0,
                        "jobCancelTimeoutInMinutes": 1,
                        "condition": "succeeded()",
                        "overrideInputs": {}
                    },
                    "rank": 1,
                    "phaseType": 1,
                    "name": "Run on agent",
                    "refName": null,
                    "workflowTasks": [
                        {
                            "environment": {},
                            "taskId": "96165f27-9766-4153-b3dc-4e45eb43a2ed",
                            "version": "0.*",
                            "name": "DailyClean Cleaner",
                            "refName": "",
                            "enabled": true,
                            "alwaysRun": false,
                            "continueOnError": false,
                            "timeoutInMinutes": 0,
                            "definitionType": "task",
                            "overrideInputs": {},
                            "condition": "succeeded()",
                            "inputs": {
                                "ConnectedServiceName": "ed4f3287-d1e0-42f4-a34b-3ade2d141397",
                                "dryrun": "false"
                            }
                        }
                    ]
                }
            ],
            "environmentOptions": {
                "emailNotificationType": "OnlyOnFailure",
                "emailRecipients": "release.environment.owner;release.creator",
                "skipArtifactsDownload": false,
                "timeoutInMinutes": 0,
                "enableAccessToken": false,
                "publishDeploymentStatus": true,
                "badgeEnabled": false,
                "autoLinkWorkItems": false,
                "pullRequestDeploymentEnabled": false
            },
            "demands": [],
            "conditions": [
                {
                    "name": "Redeploy-%Env to clean%",
                    "conditionType": 2,
                    "value": "4"
                }
            ],
            "executionPolicy": {
                "concurrencyCount": 1,
                "queueDepthCount": 0
            },
            "schedules": [
                {
                    "jobId": "c9118c9e-fa5b-427b-850a-6262d7e1beb1",
                    "timeZoneId": "Romance Standard Time",
                    "startHours": 20,
                    "startMinutes": 0,
                    "daysToRelease": 31
                }
            ],
            "currentRelease": {
                "id": 0,
                "url": "https://axafrance.vsrm.visualstudio.com/f845ad3a-2608-4666-88d8-f4fd996164ec/_apis/Release/releases/0",
                "_links": {}
            },
            "retentionPolicy": {
                "daysToKeep": 1,
                "releasesToKeep": 2,
                "retainBuild": false
            },
            "processParameters": {
                "dataSourceBindings": [
                    {
                        "dataSourceName": "AzureRMWebAppNamesByAppType",
                        "parameters": {
                            "WebAppKind": "$(WebAppKind)"
                        },
                        "endpointId": "$(ConnectedServiceName)",
                        "target": "WebAppName"
                    }
                ]
            },
            "properties": {},
            "preDeploymentGates": {
                "id": 0,
                "gatesOptions": null,
                "gates": []
            },
            "postDeploymentGates": {
                "id": 0,
                "gatesOptions": null,
                "gates": []
            },
            "environmentTriggers": [],
            "badgeUrl": "https://axafrance.vsrm.visualstudio.com/_apis/public/Release/badge/f845ad3a-2608-4666-88d8-f4fd996164ec/15/28"
        },
        {
            "id": 29,
            "name": "Redeploy-%Env to clean%",
            "rank": 1,
            "owner": {
                "displayName": "Clement POUMAREDE",
                "url": "https://spsprodweu2.vssps.visualstudio.com/Ae3f6760c-15be-4fbf-8355-748ea734e752/_apis/Identities/d331ee18-fb00-4d90-b4a4-1c40217273e4",
                "_links": {
                    "avatar": {
                        "href": "https://axafrance.visualstudio.com/_apis/GraphProfile/MemberAvatars/aad.MTZlNTg1MDUtZWI5MS03MWQ5LTg0ODMtOGFkOGRkMWMxMTJm"
                    }
                },
                "id": "d331ee18-fb00-4d90-b4a4-1c40217273e4",
                "uniqueName": "clement.poumarede@axa.fr",
                "imageUrl": "https://axafrance.visualstudio.com/_apis/GraphProfile/MemberAvatars/aad.MTZlNTg1MDUtZWI5MS03MWQ5LTg0ODMtOGFkOGRkMWMxMTJm",
                "descriptor": "aad.MTZlNTg1MDUtZWI5MS03MWQ5LTg0ODMtOGFkOGRkMWMxMTJm"
            },
            "variables": {},
            "variableGroups": [],
            "preDeployApprovals": {
                "approvals": [
                    {
                        "rank": 1,
                        "isAutomated": true,
                        "isNotificationOn": false,
                        "id": 87
                    }
                ],
                "approvalOptions": {
                    "requiredApproverCount": null,
                    "releaseCreatorCanBeApprover": false,
                    "autoTriggeredAndPreviousEnvironmentApprovedCanBeSkipped": false,
                    "enforceIdentityRevalidation": false,
                    "timeoutInMinutes": 0,
                    "executionOrder": 1
                }
            },
            "deployStep": {
                "id": 88
            },
            "postDeployApprovals": {
                "approvals": [
                    {
                        "rank": 1,
                        "isAutomated": true,
                        "isNotificationOn": false,
                        "id": 91
                    }
                ],
                "approvalOptions": {
                    "requiredApproverCount": null,
                    "releaseCreatorCanBeApprover": false,
                    "autoTriggeredAndPreviousEnvironmentApprovedCanBeSkipped": false,
                    "enforceIdentityRevalidation": false,
                    "timeoutInMinutes": 0,
                    "executionOrder": 2
                }
            },
            "deployPhases": [
                {
                    "deploymentInput": {
                        "parallelExecution": {
                            "parallelExecutionType": 0
                        },
                        "agentSpecification": null,
                        "skipArtifactsDownload": false,
                        "artifactsDownloadInput": {
                            "downloadInputs": []
                        },
                        "queueId": 8779,
                        "demands": [
                            "azure_env -equals rec"
                        ],
                        "enableAccessToken": true,
                        "timeoutInMinutes": 0,
                        "jobCancelTimeoutInMinutes": 1,
                        "condition": "succeeded()",
                        "overrideInputs": {}
                    },
                    "rank": 1,
                    "phaseType": 1,
                    "name": "Agent job",
                    "refName": null,
                    "workflowTasks": [
                        {
                            "environment": {},
                            "taskId": "b67e47cc-9e81-495f-ad72-3aecb1b5a46c",
                            "version": "0.*",
                            "name": "DailyClean Redeploy",
                            "refName": "",
                            "enabled": true,
                            "alwaysRun": false,
                            "continueOnError": false,
                            "timeoutInMinutes": 0,
                            "definitionType": "task",
                            "overrideInputs": {},
                            "condition": "succeeded()",
                            "inputs": {}
                        }
                    ]
                }
            ],
            "environmentOptions": {
                "emailNotificationType": "OnlyOnFailure",
                "emailRecipients": "release.environment.owner;release.creator",
                "skipArtifactsDownload": false,
                "timeoutInMinutes": 0,
                "enableAccessToken": false,
                "publishDeploymentStatus": true,
                "badgeEnabled": false,
                "autoLinkWorkItems": false,
                "pullRequestDeploymentEnabled": false
            },
            "demands": [],
            "conditions": [
                {
                    "name": "ReleaseStarted",
                    "conditionType": 1,
                    "value": ""
                }
            ],
            "executionPolicy": {
                "concurrencyCount": 1,
                "queueDepthCount": 0
            },
            "schedules": [
                {
                    "jobId": "d5676252-57f9-4129-b798-a4a17292fb85",
                    "timeZoneId": "Romance Standard Time",
                    "startHours": 7,
                    "startMinutes": 0,
                    "daysToRelease": 31
                }
            ],
            "currentRelease": {
                "id": 0,
                "url": "https://axafrance.vsrm.visualstudio.com/f845ad3a-2608-4666-88d8-f4fd996164ec/_apis/Release/releases/0",
                "_links": {}
            },
            "retentionPolicy": {
                "daysToKeep": 1,
                "releasesToKeep": 2,
                "retainBuild": false
            },
            "processParameters": {},
            "properties": {},
            "preDeploymentGates": {
                "id": 0,
                "gatesOptions": null,
                "gates": []
            },
            "postDeploymentGates": {
                "id": 0,
                "gatesOptions": null,
                "gates": []
            },
            "environmentTriggers": [],
            "badgeUrl": "https://axafrance.vsrm.visualstudio.com/_apis/public/Release/badge/f845ad3a-2608-4666-88d8-f4fd996164ec/15/29"
        }
    ],
    "artifacts": [],
    "triggers": [
        {
            "schedule": {
                "jobId": "61f31480-dbb3-4447-8e31-01a6d478f3a9",
                "timeZoneId": "Romance Standard Time",
                "startHours": 6,
                "startMinutes": 0,
                "daysToRelease": 31
            },
            "triggerType": 2
        }
    ],
    "releaseNameFormat": "$(Release.DefinitionName)-$(rev:r)",
    "tags": [],
    "pipelineProcess": {
        "type": 1
    },
    "properties": {
        "DefinitionCreationSource": {
            "$type": "System.String",
            "$value": "ReleaseImport"
        }
    },
    "id": 15,
    "name": "%Project Pipeline name% - DailyClean",
    "path": "\\",
    "projectReference": null,
    "url": "https://axafrance.vsrm.visualstudio.com/f845ad3a-2608-4666-88d8-f4fd996164ec/_apis/Release/definitions/15",
    "_links": {
        "self": {
            "href": "https://axafrance.vsrm.visualstudio.com/f845ad3a-2608-4666-88d8-f4fd996164ec/_apis/Release/definitions/15"
        },
        "web": {
            "href": "https://axafrance.visualstudio.com/f845ad3a-2608-4666-88d8-f4fd996164ec/_release?definitionId=15"
        }
    }
}