{
    "$schema": "http://schema.management.azure.com/schemas/2015-01-01/deploymentTemplate.json#",
    "contentVersion": "1.0.0.0",
    "parameters": {
        "virtualNetworkGatewayName": {
            "type": "string",
            "metadata": {
                "description": "Virtual Network Gateway Name"
            }
        },
        "sku": {
            "type": "string",
            "allowedValues": [
                "Basic",
                "Standard",
                "HighPerformance"
            ],
            "metadata": {
                "description": "Virtual network SKU"
            }
        },
        "gatewayType": {
            "type": "string",
            "allowedValues": [
                "Vpn",
                "ExpressRoute"
            ],
            "metadata": {
                "description": "Define if gateway will host EXR Or VPN"
            }
        },
        "vpnType": {
            "type": "string",
            "allowedValues": [
                "RouteBased",
                "PolicyBased"
            ],
            "metadata": {
                "description": "Define VPN Type"
            }
        },
        "newPublicIpAddressName": {
            "type": "string",
            "metadata": {
                "description": "Needed to Create public IP address object"
            }
        },
        "virtualNetworkName": {
            "type": "string",
            "metadata": {
                "description": "Virtual Network Name where gateway will be linked"
            }
        }                        
    },
    "variables": {  
        "virtualNetworkId": "[resourceId('Microsoft.Network/virtualNetworks', parameters('virtualNetworkName'))]",
        "subnetId": "[concat(variables('virtualNetworkId'), '/subnets/GatewaySubnet')]",
        "enableBgp": false
    },
    "resources": [
        {
            "name": "[parameters('virtualNetworkGatewayName')]",
            "type": "Microsoft.Network/virtualNetworkGateways",
            "apiVersion": "2017-03-01",
            "location": "[resourceGroup().location]",
            "dependsOn": [
                "[concat('Microsoft.Network/publicIPAddresses/', parameters('newPublicIpAddressName'))]"
            ],  
            "properties": {
                "ipConfigurations":[
                    {
                        "name": "[parameters('newPublicIpAddressName')]",
                        "properties": {
                            "privateIPAllocationMethod": "Dynamic",
                            "subnet": {
                            "id": "[variables('subnetId')]"
                            },
                            "publicIPAddress": {
                                "id": "[resourceId(resourceGroup().name, 'Microsoft.Network/publicIPAddresses', parameters('newPublicIpAddressName'))]"
                            }
                        }
                    }
                ],
                "enableBgp": "[variables('enableBgp')]",
                "sku": {
                    "name": "[parameters('sku')]",
                    "tier": "[parameters('sku')]"
                },
                "vpnType": "[parameters('vpnType')]",
                "gatewayType": "[parameters('gatewayType')]"
            }
        },
        {
            "name": "[parameters('newPublicIpAddressName')]",
            "type": "Microsoft.Network/publicIPAddresses",
            "apiVersion": "2017-03-01",
            "location": "[resourceGroup().location]",
            "properties": {
                "publicIPAllocationMethod": "Dynamic",
                "publicIPAddressVersion": "IPV4"
            }
        }      
    ],
    "outputs": {  
        "virtualNetworkGatewayId": {
            "type": "string",
            "value": "[resourceId('Microsoft.Network/VirtualNetworkGateways', parameters('virtualNetworkGatewayName'))]"    
        },
        "publicIpAddressId": {
            "type": "string",
            "value": "[resourceId('Microsoft.Network/publicIPAddresses', parameters('newPublicIpAddressName'))]"
        }
    }
}