{
	"$schema": "http://schema.management.azure.com/schemas/2015-01-01/deploymentTemplate.json#",
	"contentVersion": "1.0.0.0",
	"parameters": {
		"environment": {
			"type": "string"
		},
		"dashboardName": {
			"type": "string"
		},
		"workspaceResourceGroupName": {
			"type": "string"
		},
		"workspaceName": {
			"type": "string"
		},
		"subscriptionId": {
			"type": "string"
		}
	},
	"variables": {},
	"resources": [{
		"properties": {
			"lenses": {
				"0": {
					"order": 0,
					"parts": {
						"0": {
							"position": {
								"x": 0,
								"y": 0,
								"rowSpan": 4,
								"colSpan": 2
							},
							"metadata": {
								"inputs": [],
								"type": "Extension[azure]/HubsExtension/PartType/MarkdownPart",
								"settings": {
									"content": {
										"settings": {
											"content": "____\n\nVous trouverez X blades, vous permettant de monitorer le status global des services plans. \n\nPour plus de details vous pouvez lancer la requete sur Log Analytics.\n\n",
											"title": "Service Plans",
											"subtitle": "[parameters('environment')]"
										}
									}
								}
							}
						},
						"1": {
							"position": {
								"x": 2,
								"y": 0,
								"rowSpan": 4,
								"colSpan": 6
							},
							"metadata": {
								"inputs": [{
										"name": "ComponentId",
										"value": {
											"SubscriptionId": "[parameters('subscriptionId')]",
											"ResourceGroup": "[parameters('workspaceResourceGroupName')]",
											"Name": "[parameters('workspaceName')]"
										}
									},
									{
										"name": "Query",
										"value": "AzureMetrics\r\n| join kind=leftsemi  ( \r\n    //The following request is made to select the TOP 10 of service plans in terms of use \r\n    AzureMetrics\r\n    | where ResourceProvider == 'MICROSOFT.WEB' and MetricName == \"MemoryPercentage\"\r\n    | summarize ['MemoryPercentage'] = avg(Average) by Resource\r\n    | order by MemoryPercentage desc \r\n    | limit 10\r\n    | project Resource\r\n) on Resource \r\n| where ResourceProvider == 'MICROSOFT.WEB' and MetricName == \"MemoryPercentage\"\r\n| summarize ['MemoryPercentage'] = avg(Average) by bin(TimeGenerated, 30m), Resource\r\n| render timechart \n"
									},
									{
										"name": "TimeRange",
										"value": "P1D"
									},
									{
										"name": "Dimensions",
										"value": {
											"xAxis": {
												"name": "TimeGenerated",
												"type": "DateTime"
											},
											"yAxis": [{
												"name": "MemoryPercentage",
												"type": "Double"
											}],
											"splitBy": [{
												"name": "Resource",
												"type": "String"
											}],
											"aggregation": "Sum"
										}
									},
									{
										"name": "Version",
										"value": "1.0"
									},
									{
										"name": "DashboardId",
										"value": "[resourceId('Microsoft.Portal/dashboards', parameters('dashboardName'))]"
									},
									{
										"name": "PartTitle",
										"value": "Analytics"
									},
									{
										"name": "PartSubTitle",
										"value": "[parameters('workspaceName')]"
									},
									{
										"name": "resourceTypeMode",
										"value": "workspace"
									}
								],
								"type": "Extension/AppInsightsExtension/PartType/AnalyticsLineChartPart",
								"settings": {
									"content": {
										"dashboardPartTitle": "TOP 10 Memory Consumption",
										"dashboardPartSubTitle": "In percentage"
									}
								},
								"asset": {
									"idInputName": "ComponentId",
									"type": "ApplicationInsights"
								}
							}
						},
						"2": {
							"position": {
								"x": 8,
								"y": 0,
								"rowSpan": 4,
								"colSpan": 6
							},
							"metadata": {
								"inputs": [{
										"name": "ComponentId",
										"value": {
											"SubscriptionId": "[parameters('subscriptionId')]",
											"ResourceGroup": "[parameters('workspaceResourceGroupName')]",
											"Name": "[parameters('workspaceName')]"
										}
									},
									{
										"name": "Query",
										"value": "AzureMetrics\r\n| join kind=leftsemi  ( \r\n    //The following request is made to select the TOP 10 of service plans in terms of use \r\n    AzureMetrics\r\n    | where ResourceProvider == 'MICROSOFT.WEB' and MetricName == \"CpuPercentage\"\r\n    | summarize ['CpuPercentage'] = avg(Average) by Resource\r\n    | order by CpuPercentage desc \r\n    | limit 10\r\n    | project Resource\r\n) on Resource \r\n| where ResourceProvider == 'MICROSOFT.WEB' and MetricName == \"CpuPercentage\"\r\n| summarize ['CpuPercentage'] = avg(Average) by bin(TimeGenerated, 30m), Resource\r\n| render timechart \n"
									},
									{
										"name": "TimeRange",
										"value": "P1D"
									},
									{
										"name": "Dimensions",
										"value": {
											"xAxis": {
												"name": "TimeGenerated",
												"type": "DateTime"
											},
											"yAxis": [{
												"name": "CpuPercentage",
												"type": "Double"
											}],
											"splitBy": [{
												"name": "Resource",
												"type": "String"
											}],
											"aggregation": "Sum"
										}
									},
									{
										"name": "Version",
										"value": "1.0"
									},
									{
										"name": "DashboardId",
										"value": "[resourceId('Microsoft.Portal/dashboards', parameters('dashboardName'))]"
									},
									{
										"name": "PartTitle",
										"value": "Analytics"
									},
									{
										"name": "PartSubTitle",
										"value": "[parameters('workspaceName')]"
									},
									{
										"name": "resourceTypeMode",
										"value": "workspace"
									}
								],
								"type": "Extension/AppInsightsExtension/PartType/AnalyticsLineChartPart",
								"settings": {
									"content": {
										"dashboardPartTitle": "TOP 10 CPU Comsumption",
										"dashboardPartSubTitle": "In percentage"
									}
								},
								"asset": {
									"idInputName": "ComponentId",
									"type": "ApplicationInsights"
								}
							}
						},
						"3": {
							"position": {
								"x": 14,
								"y": 0,
								"rowSpan": 4,
								"colSpan": 6
							},
							"metadata": {
								"inputs": [{
										"name": "ComponentId",
										"value": {
											"SubscriptionId": "[parameters('subscriptionId')]",
											"ResourceGroup": "[parameters('workspaceResourceGroupName')]",
											"Name": "[parameters('workspaceName')]"
										}
									},
									{
										"name": "Query",
										"value": "AzureMetrics\r\n| join kind=leftsemi  ( \r\n    //The following request is made to select the TOP 10 of service plans in terms of use \r\n    AzureMetrics\r\n    | where ResourceProvider == 'MICROSOFT.WEB' and MetricName == \"MemoryPercentage\"\r\n    | summarize ['MemoryPercentage'] = avg(Average) by Resource\r\n    | order by MemoryPercentage asc \r\n    | limit 10\r\n    | project Resource\r\n) on Resource \r\n| where ResourceProvider == 'MICROSOFT.WEB' and MetricName == \"MemoryPercentage\"\r\n| summarize ['MemoryPercentage'] = avg(Average) by bin(TimeGenerated, 30m), Resource\r\n| render timechart \n"
									},
									{
										"name": "TimeRange",
										"value": "P1D"
									},
									{
										"name": "Dimensions",
										"value": {
											"xAxis": {
												"name": "TimeGenerated",
												"type": "DateTime"
											},
											"yAxis": [{
												"name": "MemoryPercentage",
												"type": "Double"
											}],
											"splitBy": [{
												"name": "Resource",
												"type": "String"
											}],
											"aggregation": "Sum"
										}
									},
									{
										"name": "Version",
										"value": "1.0"
									},
									{
										"name": "DashboardId",
										"value": "[resourceId('Microsoft.Portal/dashboards', parameters('dashboardName'))]"
									},
									{
										"name": "PartTitle",
										"value": "Analytics"
									},
									{
										"name": "PartSubTitle",
										"value": "[parameters('workspaceName')]"
									},
									{
										"name": "resourceTypeMode",
										"value": "workspace"
									}
								],
								"type": "Extension/AppInsightsExtension/PartType/AnalyticsLineChartPart",
								"settings": {
									"content": {
										"dashboardPartTitle": "LAST 10 Memory Consumption",
										"dashboardPartSubTitle": "In percentage"
									}
								},
								"asset": {
									"idInputName": "ComponentId",
									"type": "ApplicationInsights"
								}
							}
						},
						"4": {
							"position": {
								"x": 20,
								"y": 0,
								"rowSpan": 4,
								"colSpan": 6
							},
							"metadata": {
								"inputs": [{
										"name": "ComponentId",
										"value": {
											"SubscriptionId": "[parameters('subscriptionId')]",
											"ResourceGroup": "[parameters('workspaceResourceGroupName')]",
											"Name": "[parameters('workspaceName')]"
										}
									},
									{
										"name": "Query",
										"value": "AzureMetrics\r\n| join kind=leftsemi  ( \r\n    //The following request is made to select the TOP 10 of service plans in terms of use \r\n    AzureMetrics\r\n    | where ResourceProvider == 'MICROSOFT.WEB' and MetricName == \"CpuPercentage\"\r\n    | summarize ['CpuPercentage'] = avg(Average) by Resource\r\n    | order by CpuPercentage asc \r\n    | limit 10\r\n    | project Resource\r\n) on Resource \r\n| where ResourceProvider == 'MICROSOFT.WEB' and MetricName == \"CpuPercentage\"\r\n| summarize ['CpuPercentage'] = avg(Average) by bin(TimeGenerated, 30m), Resource\r\n| render timechart \n"
									},
									{
										"name": "TimeRange",
										"value": "P1D"
									},
									{
										"name": "Dimensions",
										"value": {
											"xAxis": {
												"name": "TimeGenerated",
												"type": "DateTime"
											},
											"yAxis": [{
												"name": "CpuPercentage",
												"type": "Double"
											}],
											"splitBy": [{
												"name": "Resource",
												"type": "String"
											}],
											"aggregation": "Sum"
										}
									},
									{
										"name": "Version",
										"value": "1.0"
									},
									{
										"name": "DashboardId",
										"value": "[resourceId('Microsoft.Portal/dashboards', parameters('dashboardName'))]"
									},
									{
										"name": "PartTitle",
										"value": "Analytics"
									},
									{
										"name": "PartSubTitle",
										"value": "[parameters('workspaceName')]"
									},
									{
										"name": "resourceTypeMode",
										"value": "workspace"
									}
								],
								"type": "Extension/AppInsightsExtension/PartType/AnalyticsLineChartPart",
								"settings": {
									"content": {
										"dashboardPartTitle": "LAST 10 CPU Percentage",
										"dashboardPartSubTitle": "In percentage"
									}
								},
								"asset": {
									"idInputName": "ComponentId",
									"type": "ApplicationInsights"
								}
							}
						},
						"5": {
							"position": {
								"x": 26,
								"y": 0,
								"rowSpan": 4,
								"colSpan": 6
							},
							"metadata": {
								"inputs": [{
										"name": "ComponentId",
										"value": {
											"SubscriptionId": "[parameters('subscriptionId')]",
											"ResourceGroup": "[parameters('workspaceResourceGroupName')]",
											"Name": "[parameters('workspaceName')]"
										}
									},
									{
										"name": "Query",
										"value": "AzureMetrics\r\n| join kind=leftsemi  ( \r\n    //The following request is made to select the TOP 10 of service plans in terms of use \r\n    AzureMetrics\r\n    | where ResourceProvider == 'MICROSOFT.WEB' and MetricName == \"DiskQueueLength\"\r\n    | summarize ['DiskQueueLength'] = avg(Average) by Resource\r\n    | order by DiskQueueLength desc \r\n    | limit 10\r\n    | project Resource\r\n) on Resource \r\n| where ResourceProvider == 'MICROSOFT.WEB' and MetricName == \"DiskQueueLength\"\r\n| summarize ['DiskQueueLength'] = avg(Average) by bin(TimeGenerated, 30m), Resource\r\n| render timechart \n"
									},
									{
										"name": "TimeRange",
										"value": "P1D"
									},
									{
										"name": "Dimensions",
										"value": {
											"xAxis": {
												"name": "TimeGenerated",
												"type": "DateTime"
											},
											"yAxis": [{
												"name": "DiskQueueLength",
												"type": "Double"
											}],
											"splitBy": [{
												"name": "Resource",
												"type": "String"
											}],
											"aggregation": "Sum"
										}
									},
									{
										"name": "Version",
										"value": "1.0"
									},
									{
										"name": "DashboardId",
										"value": "[resourceId('Microsoft.Portal/dashboards', parameters('dashboardName'))]"
									},
									{
										"name": "PartTitle",
										"value": "Analytics"
									},
									{
										"name": "PartSubTitle",
										"value": "[parameters('workspaceName')]"
									},
									{
										"name": "resourceTypeMode",
										"value": "workspace"
									}
								],
								"type": "Extension/AppInsightsExtension/PartType/AnalyticsLineChartPart",
								"settings": {
									"content": {
										"dashboardPartTitle": "TOP 10 Disk Queue Lenght",
										"dashboardPartSubTitle": "In percentage"
									}
								},
								"asset": {
									"idInputName": "ComponentId",
									"type": "ApplicationInsights"
								}
							}
						},
						"6": {
							"position": {
								"x": 32,
								"y": 0,
								"rowSpan": 4,
								"colSpan": 6
							},
							"metadata": {
								"inputs": [{
										"name": "ComponentId",
										"value": {
											"SubscriptionId": "[parameters('subscriptionId')]",
											"ResourceGroup": "[parameters('workspaceResourceGroupName')]",
											"Name": "[parameters('workspaceName')]"
										}
									},
									{
										"name": "Query",
										"value": "WebApps_CL | project properties_serverFarm_s | summarize count() by properties_serverFarm_s | order by count_ | limit 10\n | project properties_serverFarm_s, count_"
									},
									{
										"name": "TimeRange",
										"value": "P1D"
									},
									{
										"name": "Version",
										"value": "1.0"
									},
									{
										"name": "DashboardId",
										"value": "[resourceId('Microsoft.Portal/dashboards', parameters('dashboardName'))]"
									},
									{
										"name": "PartTitle",
										"value": "Analytics"
									},
									{
										"name": "PartSubTitle",
										"value": "[parameters('workspaceName')]"
									},
									{
										"name": "resourceTypeMode",
										"value": "workspace"
									}
								],
								"type": "Extension/AppInsightsExtension/PartType/AnalyticsGridPart",
								"settings": {
									"content": {
										"dashboardPartTitle": "Top 10 des services plans ",
										"dashboardPartSubTitle": "Les plus surchargés"
									}
								},
								"asset": {
									"idInputName": "ComponentId",
									"type": "ApplicationInsights"
								}
							}
						},
						"7":{  
							"position":{  
								"x":38,
								"y":0,
								"colSpan":6,
								"rowSpan":4
							},
							"metadata":{  
								"inputs":[  
									{  
									"name":"ComponentId",
									"value": {
											"SubscriptionId": "[parameters('subscriptionId')]",
											"ResourceGroup": "[parameters('workspaceResourceGroupName')]",
											"Name": "[parameters('workspaceName')]"
									}
									},
									{  
									"name":"Query",
									"value":"AppServicePlans_CL\r\n| where kind_s != \"functionapp\"\r\n| project Resource = toupper(name_s)\r\n| join kind=leftanti\r\n(\r\n    AzureMetrics\r\n    | where ResourceProvider == \"MICROSOFT.WEB\"\r\n)\r\non Resource\r\n| distinct Resource\r\n| project ServicePlanNotMonitored=Resource\n"
									},
									{  
									"name":"TimeRange",
									"value":"P1D"
									},
									{  
									"name":"Version",
									"value":"1.0"
									},
									{
										"name": "DashboardId",
										"value": "[resourceId('Microsoft.Portal/dashboards', parameters('dashboardName'))]"
									},
									{
										"name": "PartTitle",
										"value": "Analytics"
									},
									{
										"name": "PartSubTitle",
										"value": "[parameters('workspaceName')]"
									},
									{  
									"name":"resourceTypeMode",
									"value":"workspace"
									}
								],
								"type":"Extension/AppInsightsExtension/PartType/AnalyticsGridPart",
								"settings":{  
									"content":{  
									"dashboardPartTitle":"Service Plan not monitored",
									"dashboardPartSubTitle":"List"
									}
								},
								"asset":{  
									"idInputName":"ComponentId",
									"type":"ApplicationInsights"
								}
							}
						},
						"8": {
							"position": {
								"x": 0,
								"y": 4,
								"rowSpan": 4,
								"colSpan": 2
							},
							"metadata": {
								"inputs": [],
								"type": "Extension[azure]/HubsExtension/PartType/MarkdownPart",
								"settings": {
									"content": {
										"settings": {
											"content": "____\n\nIci nous allons monitorer toutes les Web Apps en regardant par exemple le temps de reponse ou le taux d'erreur.\n",
											"title": "Applications",
											"subtitle": "Web App Monitoring"
										}
									}
								}
							}
						},
						"9": {
							"position": {
								"x": 2,
								"y": 4,
								"rowSpan": 4,
								"colSpan": 6
							},
							"metadata": {
								"inputs": [{
										"name": "ComponentId",
										"value": {
											"SubscriptionId": "[parameters('subscriptionId')]",
											"ResourceGroup": "[parameters('workspaceResourceGroupName')]",
											"Name": "[parameters('workspaceName')]"
										}
									},
									{
										"name": "Query",
										"value": "ApplicationInsights | where TelemetryType == \"Request\" | where isSynthetic != \"True\" | project ApplicationName = replace(@'-appinsights', @'', ApplicationName), ResponseCode = toint(ResponseCode) | summarize total = count() by ApplicationName, ResponseCode | summarize Http2xx = sumif(total, ResponseCode >= 200 and ResponseCode < 300), Http3xx = sumif(total, ResponseCode >= 300 and ResponseCode < 400), Http4xx = sumif(total, ResponseCode >= 400 and ResponseCode < 500 and ResponseCode != 404), Http5xx = sumif(total, ResponseCode >= 500), goodRequests = sumif(total, ResponseCode >= 200 and ResponseCode < 400), badRequests = sumif(total, ResponseCode >= 400 and ResponseCode != 404) by ApplicationName | extend badRatio = (badRequests * 100) / (goodRequests + badRequests) | order by badRatio | limit 10 | render barchart kind=stacked100"
									},
									{
										"name": "TimeRange",
										"value": "P1D"
									},
									{  
										"name":"Dimensions",
										"value":{  
											"xAxis":{  
												"name":"ApplicationName",
												"type":"String"
											},
											"yAxis":[  
												{  
													"name":"Http2xx",
													"type":"Int64"
												},
												{  
													"name":"Http3xx",
													"type":"Int64"
												},
												{  
													"name":"Http4xx",
													"type":"Int64"
												},
												{  
													"name":"Http5xx",
													"type":"Int64"
												}
											],
											"splitBy":[  

											],
											"aggregation":"Sum"
										}
									},
									{
										"name": "Version",
										"value": "1.0"
									},
									{
										"name": "DashboardId",
										"value": "[resourceId('Microsoft.Portal/dashboards', parameters('dashboardName'))]"
									},
									{
										"name": "PartTitle",
										"value": "Analytics"
									},
									{
										"name": "PartSubTitle",
										"value": "[parameters('workspaceName')]"
									},
									{
										"name": "resourceTypeMode",
										"value": "workspace"
									}
								],
								"type": "Extension/AppInsightsExtension/PartType/Analytics100StackedBarChartPart",
								"settings": {
									"content": {
										"dashboardPartTitle": "Application error rate",
										"dashboardPartSubTitle": "HTTP2xx vs HTTP4x vs HTTP5x"
									}
								},
								"asset": {
									"idInputName": "ComponentId",
									"type": "ApplicationInsights"
								}
							}
						},
						"10": {
							"position": {
							"x": 8,
							"y": 4,
							"colSpan": 6,
							"rowSpan": 4
							},
							"metadata": {
							"inputs": [
								{
								"name": "ComponentId",
								"value": {
									"SubscriptionId": "[parameters('subscriptionId')]",
									"ResourceGroup": "[parameters('workspaceResourceGroupName')]",
									"Name": "[parameters('workspaceName')]"
								}
								},
								{
								"name": "Query",
								"value": "search in (AzureMetrics) isnotempty(ResourceId) and \"/MICROSOFT.WEB/SITES/\" and MetricName == \"AverageResponseTime\" | join kind= leftsemi ( search in (AzureMetrics) isnotempty(ResourceId) and \"/MICROSOFT.WEB/SITES/\" and MetricName ==   \"AverageResponseTime\" | summarize avg(Average) by Resource | order by avg_Average desc | limit 10 ) on Resource | summarize ResponseTimeAverage = avg(Average) by bin(TimeGenerated, 30m), Resource| render timechart\n"
								},
								{
								"name": "TimeRange",
								"value": "P1D"
								},
								{
								"name": "Dimensions",
								"value": {
									"xAxis": {
									"name": "TimeGenerated",
									"type": "DateTime"
									},
									"yAxis": [
									{
										"name": "ResponseTimeAverage",
										"type": "Double"
									}
									],
									"splitBy": [
									{
										"name": "Resource",
										"type": "String"
									}
									],
									"aggregation": "Sum"
								}
								},
								{
								"name": "Version",
								"value": "1.0"
								},
								{
								"name": "DashboardId",
								"value": "[resourceId('Microsoft.Portal/dashboards', parameters('dashboardName'))]"
								},
								{
								"name": "PartTitle",
								"value": "Analytics"
								},
								{
								"name": "PartSubTitle",
								"value": "[parameters('workspaceName')]"
								},
								{
								"name": "resourceTypeMode",
								"value": "workspace"
								}
							],
							"type": "Extension/AppInsightsExtension/PartType/AnalyticsLineChartPart",
							"settings": {
								"content": {
								"dashboardPartTitle": "TOP 10 Web Apps with the slowest response times",
								"dashboardPartSubTitle": "Response Time in secondes"
								}
							},
							"asset": {
								"idInputName": "ComponentId",
								"type": "ApplicationInsights"
							}
							}
						},
						"11": {
							"position": {
							"x": 14,
							"y": 4,
							"colSpan": 6,
							"rowSpan": 4
							},
							"metadata": {
							"inputs": [
								{
								"name": "ComponentId",
								"value": {
											"SubscriptionId": "[parameters('subscriptionId')]",
											"ResourceGroup": "[parameters('workspaceResourceGroupName')]",
											"Name": "[parameters('workspaceName')]"
										}
								},
								{
								"name": "Query",
								"value": "AzureMetrics\r\n| where ResourceProvider == 'MICROSOFT.WEB' and MetricName == \"Requests\"\r\n| summarize RequestCount=sum(Count) by bin(TimeGenerated, 10m)\r\n| render timechart\n"
								},
								{
								"name": "TimeRange",
								"value": "P2D"
								},
								{
								"name": "Dimensions",
								"value": {
									"xAxis": {
									"name": "TimeGenerated",
									"type": "DateTime"
									},
									"yAxis": [
									{
										"name": "RequestCount",
										"type": "Double"
									}
									],
									"splitBy": [],
									"aggregation": "Sum"
								}
								},
								{
								"name": "Version",
								"value": "1.0"
								},
								{
									"name": "DashboardId",
									"value": "[resourceId('Microsoft.Portal/dashboards', parameters('dashboardName'))]"
								},
								{
									"name": "PartTitle",
									"value": "Analytics"
								},
								{
									"name": "PartSubTitle",
									"value": "[parameters('workspaceName')]"
								},
								{
								"name": "resourceTypeMode",
								"value": "workspace"
								}
							],
							"type": "Extension/AppInsightsExtension/PartType/AnalyticsLineChartPart",
							"settings": {
								"content": {
								"dashboardPartTitle": "Total requests",
								"dashboardPartSubTitle": "During the last 2 days"
								}
							},
							"asset": {
								"idInputName": "ComponentId",
								"type": "ApplicationInsights"
							}
							}
						},
						"12": {
							"position": {
								"x": 20,
								"y": 4,
								"rowSpan": 4,
								"colSpan": 6
							},
							"metadata": {
								"inputs": [{
										"name": "ComponentId",
										"value": {
											"SubscriptionId": "[parameters('subscriptionId')]",
											"ResourceGroup": "[parameters('workspaceResourceGroupName')]",
											"Name": "[parameters('workspaceName')]"
										}
									},
									{
										"name": "Query",
										"value": "WebApps_CL\r\n| project Resource = toupper(name_s)\r\n| join kind=leftanti\r\n(\r\n    AzureMetrics\r\n    | where ResourceProvider == \"MICROSOFT.WEB\"\r\n)\r\non Resource\r\n| distinct Resource\r\n| project WebAppNotMonitored=Resource\n | project WebAppNotMonitored"
									},
									{
										"name": "TimeRange",
										"value": "P1D"
									},
									{
										"name": "Version",
										"value": "1.0"
									},
									{
										"name": "DashboardId",
										"value": "[resourceId('Microsoft.Portal/dashboards', parameters('dashboardName'))]"
									},
									{
										"name": "PartTitle",
										"value": "Analytics"
									},
									{
										"name": "PartSubTitle",
										"value": "[parameters('workspaceName')]"
									},
									{
										"name": "resourceTypeMode",
										"value": "workspace"
									}
								],
								"type": "Extension/AppInsightsExtension/PartType/AnalyticsGridPart",
								"settings": {
									"content": {
										"dashboardPartTitle": "Web App not monitored",
										"dashboardPartSubTitle": "List"
									}
								},
								"asset": {
									"idInputName": "ComponentId",
									"type": "ApplicationInsights"
								}
							}
						},
						"13":{
							"position":{
								"x":26,
								"y":4,
								"colSpan":6,
								"rowSpan":4
							},
							"metadata":{
								"inputs":[
									{
									"name":"ComponentId",
									"value":{
										"SubscriptionId": "[parameters('subscriptionId')]",
										"ResourceGroup": "[parameters('workspaceResourceGroupName')]",
										"Name": "[parameters('workspaceName')]"
									}
									},
									{
									"name":"Query",
									"value":"ApplicationInsights_CL\n| join kind=leftanti (\n    ApplicationInsights\n    | project name_s=ApplicationName\n) on name_s \n| project NotMonitoredAppInsight=name_s\n"
									},
									{
									"name":"TimeRange",
									"value":"P1D"
									},
									{
									"name":"Version",
									"value":"1.0"
									},
									{
									"name":"DashboardId",
									"value": "[resourceId('Microsoft.Portal/dashboards', parameters('dashboardName'))]"
									},
									{
									"name":"PartTitle",
									"value":"Analytics"
									},
									{
									"name":"PartSubTitle",
									"value": "[parameters('workspaceName')]"
									},
									{
									"name":"resourceTypeMode",
									"value":"workspace"
									},
									{
									"name":"Dimensions",
									"isOptional":true
									},
									{
									"name":"ControlType",
									"isOptional":true
									},
									{
									"name":"SpecificChart",
									"isOptional":true
									}
								],
								"type":"Extension/AppInsightsExtension/PartType/AnalyticsGridPart",
								"settings":{
									"content":{
									"PartTitle":"ApplicationInsigh not monitored",
									"PartSubTitle":"List"
									}
								},
								"asset":{
									"idInputName":"ComponentId",
									"type":"ApplicationInsights"
								}
							}
						},
						"14": {
							"position": {
								"x": 0,
								"y": 8,
								"rowSpan": 4,
								"colSpan": 2
							},
							"metadata": {
								"inputs": [],
								"type": "Extension[azure]/HubsExtension/PartType/MarkdownPart",
								"settings": {
									"content": {
										"settings": {
											"content": "____\n\nMonitoring des pourcentages DTU. il ne faut pas depasser les 50%.\nConcernant les requetes Firewalls bloquees, si pour une base le nombre de requete bloque depasse les 100, prevenir la securite.\n",
											"title": "SQL Servers",
											"subtitle": "Monitoring Database"
										}
									}
								}
							}
						},
						"15": {
							"position": {
								"x": 2,
								"y": 8,
								"rowSpan": 4,
								"colSpan": 6
							},
							"metadata": {
								"inputs": [{
										"name": "ComponentId",
										"value": {
											"SubscriptionId": "[parameters('subscriptionId')]",
											"ResourceGroup": "[parameters('workspaceResourceGroupName')]",
											"Name": "[parameters('workspaceName')]"
										}
									},
									{  
										"name":"Query",
										"value":"AzureMetrics\n| where ResourceProvider == \"MICROSOFT.SQL\" and MetricName == \"dtu_consumption_percent\"\n| join kind= inner (\nAzureMetrics\n| where ResourceProvider == \"MICROSOFT.SQL\" and MetricName == \"dtu_consumption_percent\"\n| summarize consumption = max(Average) by Resource\n| order by consumption desc\n| limit 10\n) on Resource \n| summarize consumption = max(Average) by bin(TimeGenerated, 10m), Resource\n| render timechart\n"
									},
									{  
										"name":"TimeRange",
										"value":"P2D"
									},
									{  
										"name":"Dimensions",
										"value":{  
											"xAxis":{  
												"name":"TimeGenerated",
												"type":"DateTime"
											},
											"yAxis":[  
												{  
													"name":"consumption",
													"type":"Double"
												}
											],
											"splitBy":[  
												{  
													"name":"Resource",
													"type":"String"
												}
											],
											"aggregation":"Sum"
										}
									},
									{
										"name": "Version",
										"value": "1.0"
									},
									{
										"name": "DashboardId",
										"value": "[resourceId('Microsoft.Portal/dashboards', parameters('dashboardName'))]"
									},
									{
										"name": "PartTitle",
										"value": "Analytics"
									},
									{
										"name": "PartSubTitle",
										"value": "[parameters('workspaceName')]"
									},
									{
										"name": "resourceTypeMode",
										"value": "workspace"
									}
								],
								"type": "Extension/AppInsightsExtension/PartType/AnalyticsLineChartPart",
								"settings": {
									"content": {
										"dashboardPartTitle": "Last 2 days DTU consumption",
										"dashboardPartSubTitle": "Value in percentage"
									}
								},
								"asset": {
									"idInputName": "ComponentId",
									"type": "ApplicationInsights"
								}
							}
						},
						"16": {
							"position": {
								"x": 8,
								"y": 8,
								"rowSpan": 4,
								"colSpan": 6
							},
							"metadata": {
								"inputs": [{
										"name": "ComponentId",
										"value": {
											"SubscriptionId": "[parameters('subscriptionId')]",
											"ResourceGroup": "[parameters('workspaceResourceGroupName')]",
											"Name": "[parameters('workspaceName')]"
										}
									},
									{
										"name": "Query",
										"value": "AzureMetrics\r\n| where ResourceProvider == 'MICROSOFT.SQL' and MetricName == 'blocked_by_firewall'\r\n| summarize ['Blocked requests'] = sum(Total) by bin(TimeGenerated, 1h), Resource\r\n| render timechart\n"
									},
									{
										"name": "TimeRange",
										"value": "P1D"
									},
									{
										"name": "Dimensions",
										"value": {
											"xAxis": {
												"name": "TimeGenerated",
												"type": "DateTime"
											},
											"yAxis": [{
												"name": "Blocked requests",
												"type": "Double"
											}],
											"splitBy": [{
												"name": "Resource",
												"type": "String"
											}],
											"aggregation": "Sum"
										}
									},
									{
										"name": "Version",
										"value": "1.0"
									},
									{
										"name": "DashboardId",
										"value": "[resourceId('Microsoft.Portal/dashboards', parameters('dashboardName'))]"
									},
									{
										"name": "PartTitle",
										"value": "Analytics"
									},
									{
										"name": "PartSubTitle",
										"value": "[parameters('workspaceName')]"
									},
									{
										"name": "resourceTypeMode",
										"value": "workspace"
									}
								],
								"type": "Extension/AppInsightsExtension/PartType/AnalyticsLineChartPart",
								"settings": {
									"content": {
										"dashboardPartTitle": "Request blocked by the Firewall",
										"dashboardPartSubTitle": "Absolute values"
									}
								},
								"asset": {
									"idInputName": "ComponentId",
									"type": "ApplicationInsights"
								}
							}
						},
						"17": {
							"position": {
								"x": 14,
								"y": 8,
								"rowSpan": 4,
								"colSpan": 6
							},
							"metadata": {
								"inputs": [{
										"name": "ComponentId",
										"value": {
											"SubscriptionId": "[parameters('subscriptionId')]",
											"ResourceGroup": "[parameters('workspaceResourceGroupName')]",
											"Name": "[parameters('workspaceName')]"
										}
									},
									{  
										"name":"Query",
										"value":"AzureMetrics\r\n| where ResourceProvider contains \"sql\" \r\n| join kind= rightanti ( \r\nSqlDBs_CL\r\n| project Resource=toupper(name_s) \r\n) on Resource\r\n| distinct Resource\n"
									},
									{
										"name": "TimeRange",
										"value": "P1D"
									},
									{
										"name": "Version",
										"value": "1.0"
									},
									{
										"name": "DashboardId",
										"value": "[resourceId('Microsoft.Portal/dashboards', parameters('dashboardName'))]"
									},
									{
										"name": "PartTitle",
										"value": "Analytics"
									},
									{
										"name": "PartSubTitle",
										"value": "[parameters('workspaceName')]"
									},
									{
										"name": "resourceTypeMode",
										"value": "workspace"
									}
								],
								"type": "Extension/AppInsightsExtension/PartType/AnalyticsGridPart",
								"settings": {
									"content": {
										"dashboardPartTitle": "SQL Datbase not monitored",
										"dashboardPartSubTitle": "List"
									}
								},
								"asset": {
									"idInputName": "ComponentId",
									"type": "ApplicationInsights"
								}
							}
						},
						"18":{
							"position":{
								"x":0,
								"y":12,
								"colSpan":2,
								"rowSpan":4
							},
							"metadata":{
								"inputs":[

								],
								"type":"Extension[azure]/HubsExtension/PartType/MarkdownPart",
								"settings":{
									"content":{
									"settings":{
										"content":"____\n\nGéneral compliance check.",
										"title":"Resources",
										"subtitle":"Compliance"
									}
									}
								}
							}
						},
						"19":{
							"position":{
								"x":2,
								"y":12,
								"colSpan":6,
								"rowSpan":4
							},
							"metadata":{
								"inputs":[
									{
									"name":"ComponentId",
									"value":{
										"SubscriptionId": "[parameters('subscriptionId')]",
										"ResourceGroup": "[parameters('workspaceResourceGroupName')]",
										"Name": "[parameters('workspaceName')]"
									}
									},
									{
									"name":"Query",
									"value":"Resources_CL\n| facet by location_s\n| render piechart \n"
									},
									{
									"name":"TimeRange",
									"value":"P1D"
									},
									{
									"name":"Dimensions",
									"value":{
										"xAxis":{
											"name":"location_s",
											"type":"String"
										},
										"yAxis":[
											{
												"name":"count_location_s",
												"type":"Int64"
											}
										],
										"splitBy":[

										],
										"aggregation":"Sum"
									}
									},
									{
									"name":"Version",
									"value":"1.0"
									},
									{
									"name":"DashboardId",
									"value": "[resourceId('Microsoft.Portal/dashboards', parameters('dashboardName'))]"
									},
									{
									"name":"PartTitle",
									"value":"Analytics"
									},
									{
									"name":"PartSubTitle",
									"value": "[parameters('workspaceName')]"
									},
									{
									"name":"resourceTypeMode",
									"value":"workspace"
									},
									{
									"name":"ControlType",
									"isOptional":true
									},
									{
									"name":"SpecificChart",
									"isOptional":true
									}
								],
								"type":"Extension/AppInsightsExtension/PartType/AnalyticsDonutPart",
								"settings":{
									"content":{
									"PartTitle":"Resource location ",
									"PartSubTitle":"Repartition"
									}
								},
								"asset":{
									"idInputName":"ComponentId",
									"type":"ApplicationInsights"
								}
							}
						},
						"20":{
							"position":{
								"x":8,
								"y":12,
								"colSpan":6,
								"rowSpan":4
							},
							"metadata":{
								"inputs":[
									{
									"name":"ComponentId",
									"value":{
										"SubscriptionId": "[parameters('subscriptionId')]",
										"ResourceGroup": "[parameters('workspaceResourceGroupName')]",
										"Name": "[parameters('workspaceName')]"
									}
									},
									{
									"name":"Query",
									"value":"Resources_CL\r\n| where tags_global_app_s == \"\" or tags_global_dcs_s == \"\" or tags_global_env_s == \"\" or tags_global_opco_s == \"\" or tags_global_project_s == \"\"\r\n| project name_s, tags_global_app_s, tags_global_dcs_s, tags_global_env_s\n"
									},
									{
									"name":"TimeRange",
									"value":"P1D"
									},
									{
									"name":"Version",
									"value":"1.0"
									},
									{
									"name":"DashboardId",
									"value": "[resourceId('Microsoft.Portal/dashboards', parameters('dashboardName'))]"
									},
									{
									"name":"PartTitle",
									"value":"Analytics"
									},
									{
									"name":"PartSubTitle",
									"value": "[parameters('workspaceName')]"
									},
									{
									"name":"resourceTypeMode",
									"value":"workspace"
									},
									{
									"name":"Dimensions",
									"isOptional":true
									},
									{
									"name":"ControlType",
									"isOptional":true
									},
									{
									"name":"SpecificChart",
									"isOptional":true
									}
								],
								"type":"Extension/AppInsightsExtension/PartType/AnalyticsGridPart",
								"settings":{
									"content":{
									"PartTitle":"Resources not well tagged",
									"PartSubTitle":"List",
									"Query":"Resources_CL\n| where tags_global_app_s == \"\" or tags_global_dcs_s == \"\" or tags_global_env_s == \"\" or tags_global_opco_s == \"\" or tags_global_project_s == \"\"\n| project name_s, ResourceGroup, tags_global_app_s, tags_global_dcs_s\n"
									}
								},
								"asset":{
									"idInputName":"ComponentId",
									"type":"ApplicationInsights"
								}
							}
						}
					}
				}
			},
			"metadata": {
				"model": {
					"timeRange": {
						"value": {
							"relative": {
								"duration": 24,
								"timeUnit": 1
							}
						},
						"type": "MsPortalFx.Composition.Configuration.ValueTypes.TimeRange"
					}
				}
			}
		},
		"metadata": {},
		"apiVersion": "2015-08-01-preview",
		"type": "Microsoft.Portal/dashboards",
		"name": "[parameters('dashboardName')]",
		"location": "[resourceGroup().location]",
		"tags": {
			"hidden-title": "[parameters('dashboardName')]"
		}
	}]

}