{
    "$schema": "http://schema.management.azure.com/schemas/2015-01-01/deploymentParameters.json",
    "contentVersion": "1.0.0.0",
    "parameters": {
		"environment": {
            "value": "#{ENVIRONMENT}#"
        },
        "dashboardName": {
            "value": "#{DASHBOARD_NAME}#"
        },
		"workspaceResourceGroupName": {
            "value": "#{WORKSPACE_RESOURCE_GROUP_NAME}#"
        },
		"workspaceName": {
            "value": "#{WORKSPACE_NAME}#"
        },
		"subscriptionId": {
            "value": "#{SUBSCRIPTION_ID}#"
        }
    }
}