{
	"$schema": "http://schema.management.azure.com/schemas/2015-01-01/deploymentTemplate.json#",
	"contentVersion": "1.0.0.0",
	"parameters": {
		"appName": {
			"type": "string"
		},
		"environment": {
			"type": "string"
		},
		"location": {
			"type": "string",
			"allowedValues": [
				"ew1",
				"en1"
			]
		}
	},
	"variables": {
		"dashboardName": "[concat(parameters('appName'), '_', parameters('environment'), '_', parameters('location'))]",
		"workspaceResourceGroupName": "[concat('z-afa-tran-shrd-', parameters('environment'), 'a-', parameters('location'), '-', 'rgp01')]",
		"workspaceName": "[concat('z-afa-tran-shrd-', parameters('environment'), 'a-', parameters('location'), '-oms01')]",
		"cpuPercentageByServicePlan": "[concat('AzureMetrics| where ResourceProvider == ''MICROSOFT.WEB'' and MetricName == \"CpuPercentage\"| where ResourceGroup contains \"', resourceGroup().name, '\"| summarize [''Consumption''] = avg(Average) by bin(TimeGenerated, 5m), Resource| sort by TimeGenerated desc| render timechart')]",
		"memoryPercentageByServicePlan": "[concat('AzureMetrics| where ResourceProvider == ''MICROSOFT.WEB'' and MetricName == \"MemoryPercentage\"| where ResourceGroup contains \"', resourceGroup().name, '\"| summarize [''Consumption''] = avg(Average) by bin(TimeGenerated, 5m), Resource| sort by TimeGenerated desc| render timechart')]",
		"requestsCountByWebApp": "[concat('AzureMetrics| where ResourceProvider == ''MICROSOFT.WEB'' and MetricName == \"Requests\"| where ResourceGroup contains \"', resourceGroup().name, '\"| summarize [''totalRequests''] = sum(Count) by bin(TimeGenerated, 10m), Resource| sort by TimeGenerated desc| render timechart')]",
		"responseTimeByWebApp": "[concat('AzureMetrics| where ResourceProvider == ''MICROSOFT.WEB'' and MetricName == \"AverageResponseTime\"| where ResourceGroup contains \"', resourceGroup().name, '\"| summarize [''AverageResponseTime''] = avg(Average) by bin(TimeGenerated, 5m), Resource| sort by TimeGenerated desc| render timechart')]",
		"applicationErrorRateByWebApp": "[concat('AzureMetrics| where ResourceProvider == ''MICROSOFT.WEB'' | where MetricName == \"Http2xx\" or MetricName == \"Http3xx\" or MetricName == \"Http4xx\" or MetricName == \"Http5xx\" | where ResourceGroup contains \"', resourceGroup().name, '\"| summarize sum(Count) by Resource, MetricName| render barchart kind=stacked100')]",
		"dtuConsumptionPercentageBySqlDb": "[concat('AzureMetrics| where ResourceProvider == ''MICROSOFT.SQL'' and MetricName == \"dtu_consumption_percent\"| where ResourceGroup contains \"', resourceGroup().name, '\"| summarize [''Consumption''] = max(Maximum) by bin(TimeGenerated, 5m), Resource| sort by TimeGenerated desc| render timechart')]",
		"storagePercentageBySqlDb": "[concat('AzureMetrics| where ResourceProvider == ''MICROSOFT.SQL'' and MetricName == \"storage_percent\"| where ResourceGroup contains \"', resourceGroup().name, '\"| summarize [''Consumption''] = max(Maximum) by bin(TimeGenerated, 5m), Resource| sort by TimeGenerated desc| render timechart')]",
		"requestsBloquedByTheDbFirewall": "[concat('AzureMetrics| where ResourceProvider == ''MICROSOFT.SQL'' and MetricName == ''blocked_by_firewall''| where ResourceGroup contains \"', resourceGroup().name, '\"| summarize [''Blocked requests''] = sum(Total) by bin(TimeGenerated, 5m), Resource| render timechart')]"
	},
	"resources": [{
		"properties": {
			"lenses": {
				"0": {
					"order": 0,
					"parts": {
						"0": {
							"position": {
								"x": 0,
								"y": 0,
								"colSpan": 6,
								"rowSpan": 4
							},
							"metadata": {
								"inputs": [{
										"name": "ComponentId",
										"value": {
											"SubscriptionId": "[subscription().subscriptionId]",
											"ResourceGroup": "[variables('workspaceResourceGroupName')]",
											"Name": "[variables('workspaceName')]"
										}
									},
									{
										"name": "Query",
										"value": "[variables('cpuPercentageByServicePlan')]"
									},
									{
										"name": "TimeRange",
										"value": "P1D"
									},
									{
										"name": "Dimensions",
										"value": {
											"xAxis": {
												"name": "TimeGenerated",
												"type": "DateTime"
											},
											"yAxis": [{
												"name": "Consumption",
												"type": "Double"
											}],
											"splitBy": [{
												"name": "Resource",
												"type": "String"
											}],
											"aggregation": "Sum"
										}
									},
									{
										"name": "Version",
										"value": "1.0"
									},
									{
										"name": "DashboardId",
										"value": "[resourceId('Microsoft.Portal/dashboards', variables('dashboardName'))]"
									},
									{
										"name": "PartTitle",
										"value": "Analytics"
									},
									{
										"name": "PartSubTitle",
										"value": "[variables('workspaceName')]"
									},
									{
										"name": "resourceTypeMode",
										"value": "workspace"
									}
								],
								"type": "Extension/AppInsightsExtension/PartType/AnalyticsLineChartPart",
								"settings": {
									"content": {
										"dashboardPartTitle": "Cpu percentage by service plan.",
										"dashboardPartSubTitle": "Last 24h. Average every 5 minutes"
									}
								},
								"asset": {
									"idInputName": "ComponentId",
									"type": "ApplicationInsights"
								}
							}
						},
						"1": {
							"position": {
								"x": 6,
								"y": 0,
								"colSpan": 6,
								"rowSpan": 4
							},
							"metadata": {
								"inputs": [{
										"name": "ComponentId",
										"value": {
											"SubscriptionId": "[subscription().subscriptionId]",
											"ResourceGroup": "[variables('workspaceResourceGroupName')]",
											"Name": "[variables('workspaceName')]"
										}
									},
									{
										"name": "Query",
										"value": "[variables('memoryPercentageByServicePlan')]"
									},
									{
										"name": "TimeRange",
										"value": "P1D"
									},
									{
										"name": "Dimensions",
										"value": {
											"xAxis": {
												"name": "TimeGenerated",
												"type": "DateTime"
											},
											"yAxis": [{
												"name": "Consumption",
												"type": "Double"
											}],
											"splitBy": [{
												"name": "Resource",
												"type": "String"
											}],
											"aggregation": "Sum"
										}
									},
									{
										"name": "Version",
										"value": "1.0"
									},
									{
										"name": "DashboardId",
										"value": "[resourceId('Microsoft.Portal/dashboards', variables('dashboardName'))]"
									},
									{
										"name": "PartTitle",
										"value": "Analytics"
									},
									{
										"name": "PartSubTitle",
										"value": "[variables('workspaceName')]"
									},
									{
										"name": "resourceTypeMode",
										"value": "workspace"
									}
								],
								"type": "Extension/AppInsightsExtension/PartType/AnalyticsLineChartPart",
								"settings": {
									"content": {
										"dashboardPartTitle": "Memory percentage by service plan.",
										"dashboardPartSubTitle": "Last 24h. Average every 5 minutes"
									}
								},
								"asset": {
									"idInputName": "ComponentId",
									"type": "ApplicationInsights"
								}
							}
						},
						"2": {
							"position": {
								"x": 0,
								"y": 4,
								"colSpan": 6,
								"rowSpan": 4
							},
							"metadata": {
								"inputs": [{
										"name": "ComponentId",
										"value": {
											"SubscriptionId": "[subscription().subscriptionId]",
											"ResourceGroup": "[variables('workspaceResourceGroupName')]",
											"Name": "[variables('workspaceName')]"
										}
									},
									{
										"name": "Query",
										"value": "[variables('requestsCountByWebApp')]"
									},
									{
										"name": "TimeRange",
										"value": "P1D"
									},
									{
										"name": "Dimensions",
										"value": {
											"xAxis": {
												"name": "TimeGenerated",
												"type": "DateTime"
											},
											"yAxis": [{
												"name": "totalRequests",
												"type": "Double"
											}],
											"splitBy": [{
												"name": "Resource",
												"type": "String"
											}],
											"aggregation": "Sum"
										}
									},
									{
										"name": "Version",
										"value": "1.0"
									},
									{
										"name": "DashboardId",
										"value": "[resourceId('Microsoft.Portal/dashboards', variables('dashboardName'))]"
									},
									{
										"name": "PartTitle",
										"value": "Analytics"
									},
									{
										"name": "PartSubTitle",
										"value": "[variables('workspaceName')]"
									},
									{
										"name": "resourceTypeMode",
										"value": "workspace"
									}
								],
								"type": "Extension/AppInsightsExtension/PartType/AnalyticsLineChartPart",
								"settings": {
									"content": {
										"dashboardPartTitle": "Requests count by WebApp",
										"dashboardPartSubTitle": "Last 24h."
									}
								},
								"asset": {
									"idInputName": "ComponentId",
									"type": "ApplicationInsights"
								}
							}
						},
						"3": {
							"position": {
								"x": 6,
								"y": 4,
								"colSpan": 6,
								"rowSpan": 4
							},
							"metadata": {
								"inputs": [{
										"name": "ComponentId",
										"value": {
											"SubscriptionId": "[subscription().subscriptionId]",
											"ResourceGroup": "[variables('workspaceResourceGroupName')]",
											"Name": "[variables('workspaceName')]"
										}
									},
									{
										"name": "Query",
										"value": "[variables('responseTimeByWebApp')]"
									},
									{
										"name": "TimeRange",
										"value": "P1D"
									},
									{
										"name": "Dimensions",
										"value": {
											"xAxis": {
												"name": "TimeGenerated",
												"type": "DateTime"
											},
											"yAxis": [{
												"name": "AverageResponseTime",
												"type": "Double"
											}],
											"splitBy": [{
												"name": "Resource",
												"type": "String"
											}],
											"aggregation": "Sum"
										}
									},
									{
										"name": "Version",
										"value": "1.0"
									},
									{
										"name": "DashboardId",
										"value": "[resourceId('Microsoft.Portal/dashboards', variables('dashboardName'))]"
									},
									{
										"name": "PartTitle",
										"value": "Analytics"
									},
									{
										"name": "PartSubTitle",
										"value": "[variables('workspaceName')]"
									},
									{
										"name": "resourceTypeMode",
										"value": "workspace"
									}
								],
								"type": "Extension/AppInsightsExtension/PartType/AnalyticsLineChartPart",
								"settings": {
									"content": {
										"dashboardPartTitle": "Response time by WebApp",
										"dashboardPartSubTitle": "Last 24 hours. 5 minutes average"
									}
								},
								"asset": {
									"idInputName": "ComponentId",
									"type": "ApplicationInsights"
								}
							}
						},
						"4": {
							"position": {
								"x": 12,
								"y": 4,
								"colSpan": 6,
								"rowSpan": 4
							},
							"metadata": {
								"inputs": [{
										"name": "ComponentId",
										"value": {
											"SubscriptionId": "[subscription().subscriptionId]",
											"ResourceGroup": "[variables('workspaceResourceGroupName')]",
											"Name": "[variables('workspaceName')]"
										}
									},
									{
										"name": "Query",
										"value": "[variables('applicationErrorRateByWebApp')]"
									},
									{
										"name": "TimeRange",
										"value": "P1D"
									},
									{
										"name": "Dimensions",
										"value": {
											"xAxis": {
												"name": "Resource",
												"type": "String"
											},
											"yAxis": [{
												"name": "sum_Count",
												"type": "Double"
											}],
											"splitBy": [{
												"name": "MetricName",
												"type": "String"
											}],
											"aggregation": "Sum"
										}
									},
									{
										"name": "Version",
										"value": "1.0"
									},
									{
										"name": "DashboardId",
										"value": "[resourceId('Microsoft.Portal/dashboards', variables('dashboardName'))]"
									},
									{
										"name": "PartTitle",
										"value": "Analytics"
									},
									{
										"name": "PartSubTitle",
										"value": "[variables('workspaceName')]"
									},
									{
										"name": "resourceTypeMode",
										"value": "workspace"
									}
								],
								"type": "Extension/AppInsightsExtension/PartType/Analytics100StackedBarChartPart",
								"settings": {
									"content": {
										"dashboardPartTitle": "Application error rate by WebApp",
										"dashboardPartSubTitle": "Http2xx vs Http3xx vs Http4xx vs Http5xx"
									}
								},
								"asset": {
									"idInputName": "ComponentId",
									"type": "ApplicationInsights"
								}
							}
						},
						"5": {
							"position": {
								"x": 0,
								"y": 8,
								"colSpan": 6,
								"rowSpan": 4
							},
							"metadata": {
								"inputs": [{
										"name": "ComponentId",
										"value": {
											"SubscriptionId": "[subscription().subscriptionId]",
											"ResourceGroup": "[variables('workspaceResourceGroupName')]",
											"Name": "[variables('workspaceName')]"
										}
									},
									{
										"name": "Query",
										"value": "[variables('dtuConsumptionPercentageBySqlDb')]"
									},
									{
										"name": "TimeRange",
										"value": "P1D"
									},
									{
										"name": "Dimensions",
										"value": {
											"xAxis": {
												"name": "TimeGenerated",
												"type": "DateTime"
											},
											"yAxis": [{
												"name": "Consumption",
												"type": "Double"
											}],
											"splitBy": [{
												"name": "Resource",
												"type": "String"
											}],
											"aggregation": "Sum"
										}
									},
									{
										"name": "Version",
										"value": "1.0"
									},
									{
										"name": "DashboardId",
										"value": "[resourceId('Microsoft.Portal/dashboards', variables('dashboardName'))]"
									},
									{
										"name": "PartTitle",
										"value": "Analytics"
									},
									{
										"name": "PartSubTitle",
										"value": "[variables('workspaceName')]"
									},
									{
										"name": "resourceTypeMode",
										"value": "workspace"
									}
								],
								"type": "Extension/AppInsightsExtension/PartType/AnalyticsLineChartPart",
								"settings": {
									"content": {
										"dashboardPartTitle": "DTU consumption percentage by SQL DB",
										"dashboardPartSubTitle": "Last 24h. Percentage max used every 5 minutes"
									}
								},
								"asset": {
									"idInputName": "ComponentId",
									"type": "ApplicationInsights"
								}
							}
						},
						"6": {
							"position": {
								"x": 6,
								"y": 8,
								"colSpan": 6,
								"rowSpan": 4
							},
							"metadata": {
								"inputs": [{
										"name": "ComponentId",
										"value": {
											"SubscriptionId": "[subscription().subscriptionId]",
											"ResourceGroup": "[variables('workspaceResourceGroupName')]",
											"Name": "[variables('workspaceName')]"
										}
									},
									{
										"name": "Query",
										"value": "[variables('storagePercentageBySqlDb')]"
									},
									{
										"name": "TimeRange",
										"value": "P1D"
									},
									{
										"name": "Dimensions",
										"value": {
											"xAxis": {
												"name": "TimeGenerated",
												"type": "DateTime"
											},
											"yAxis": [{
												"name": "Consumption",
												"type": "Double"
											}],
											"splitBy": [{
												"name": "Resource",
												"type": "String"
											}],
											"aggregation": "Sum"
										}
									},
									{
										"name": "Version",
										"value": "1.0"
									},
									{
										"name": "DashboardId",
										"value": "[resourceId('Microsoft.Portal/dashboards', variables('dashboardName'))]"
									},
									{
										"name": "PartTitle",
										"value": "Analytics"
									},
									{
										"name": "PartSubTitle",
										"value": "[variables('workspaceName')]"
									},
									{
										"name": "resourceTypeMode",
										"value": "workspace"
									}
								],
								"type": "Extension/AppInsightsExtension/PartType/AnalyticsLineChartPart",
								"settings": {
									"content": {
										"dashboardPartTitle": "Storage percentage by SQL DB",
										"dashboardPartSubTitle": "Last 24h. Max percentage used every 5 minutes"
									}
								},
								"asset": {
									"idInputName": "ComponentId",
									"type": "ApplicationInsights"
								}
							}
						},
						"7": {
							"position": {
								"x": 12,
								"y": 8,
								"colSpan": 6,
								"rowSpan": 4
							},
							"metadata": {
								"inputs": [{
										"name": "ComponentId",
										"value": {
											"SubscriptionId": "[subscription().subscriptionId]",
											"ResourceGroup": "[variables('workspaceResourceGroupName')]",
											"Name": "[variables('workspaceName')]"
										}
									},
									{
										"name": "Query",
										"value": "[variables('requestsBloquedByTheDbFirewall')]"
									},
									{
										"name": "TimeRange",
										"value": "P1D"
									},
									{
										"name": "Dimensions",
										"value": {
											"xAxis": {
												"name": "TimeGenerated",
												"type": "DateTime"
											},
											"yAxis": [{
												"name": "Blocked requests",
												"type": "Double"
											}],
											"splitBy": [{
												"name": "Resource",
												"type": "String"
											}],
											"aggregation": "Sum"
										}
									},
									{
										"name": "Version",
										"value": "1.0"
									},
									{
										"name": "DashboardId",
										"value": "[resourceId('Microsoft.Portal/dashboards', variables('dashboardName'))]"
									},
									{
										"name": "PartTitle",
										"value": "Analytics"
									},
									{
										"name": "PartSubTitle",
										"value": "[variables('workspaceName')]"
									},
									{
										"name": "resourceTypeMode",
										"value": "workspace"
									}
								],
								"type": "Extension/AppInsightsExtension/PartType/AnalyticsLineChartPart",
								"settings": {
									"content": {
										"dashboardPartTitle": "Requests bloqued by the DB firewall",
										"dashboardPartSubTitle": "Last 24h. Sum every 5 minutes"
									}
								},
								"asset": {
									"idInputName": "ComponentId",
									"type": "ApplicationInsights"
								}
							}
						}
					}
				}
			},
			"metadata": {
				"model": {
					"timeRange": {
						"value": {
							"relative": {
								"duration": 24,
								"timeUnit": 1
							}
						},
						"type": "MsPortalFx.Composition.Configuration.ValueTypes.TimeRange"
					}
				}
			}
		},
		"metadata": {},
		"apiVersion": "2015-08-01-preview",
		"type": "Microsoft.Portal/dashboards",
		"name": "[variables('dashboardName')]",
		"location": "[resourceGroup().location]",
		"tags": {
			"hidden-title": "[variables('dashboardName')]"
		}
	}]

}