{
    "$schema": "https://schema.management.azure.com/schemas/2015-01-01/deploymentTemplate.json#",
    "contentVersion": "1.0.0.0",
    "parameters": {
       "environment": {
            "type": "string",
            "allowedValues": [
                "RECETTE-EW1",
                "RECETTE-EN1",
                "PPROD-EW1",
                "PPROD-EN1",
                "PROD-EW1",
                "PROD-EN1"
            ],
            "metadata": {
                "description": "The target environment formatted as ENV-AzureRegion : RECETTE = uat, PPROD = pre-production or staging, PROD = production ; EW1 = West Europe, EN1 = North Europe"
            }
        },
        "vnetAddressPrefix": { 
            "type": "string",
            "metadata": { 
                "description": "Vnet Address prefix" 
            } 
        }, 
        "subnetGatewayPrefix": { 
            "type": "string",
            "metadata": {
                "description": "Subnet 01 Prefix"
            }
        },
        "subnet1Prefix": { 
            "type": "string",
            "metadata": { 
                "description": "Subnet 02 Prefix" 
            } 
        },
        "subnet2Prefix": { 
            "type": "string",
            "metadata": { 
                "description": "Subnet 03 Prefix" 
            } 
        },
        "subnet3Prefix": {
            "type": "string",
            "metadata": {
            "description": "Subnet 04 Prefix"
            }
        },
        "DNSServerAddress": {
            "type": "array",
            "metadata": {
                "Description": "The DNS address(es) of the DNS Server(s) used by the VNET"
            }
        },
        "authorizationKey_cnx_EW1": {
            "type": "securestring",
            "metadata": {
                "description": "ExpressRoute Authorization key"
            }
        },
        "authorizationKey_cnx_EN1": {
            "type": "securestring",
            "metadata": {
                "description": "ExpressRoute Authorization key"
            }
        },
        "expressroutePeerId_EW1": {
            "type": "string",
            "defaultValue": "/subscriptions/4f29acc8-0f7b-44e5-bf79-41b763799e7e/resourceGroups/z-ats-tools-exr-pra-en1-rgp01/providers/Microsoft.Network/expressRouteCircuits/AFA-EXR-01",
            "metadata": {
                "description": "peer ID of expressroute circuit"
            }
        },
        "expressroutePeerId_EN1": {
            "type": "string",
            "defaultValue": "/subscriptions/4f29acc8-0f7b-44e5-bf79-41b763799e7e/resourceGroups/z-ats-tools-exr-pra-en1-rgp01/providers/Microsoft.Network/expressRouteCircuits/AFA-EXR-02",
            "metadata": {
                "description": "peer ID of expressroute circuit"
            }
        },
		"blobStorageCommonSasToken": {
			"type": "securestring"
		}
    },
    "variables": {
        "splitEnvironment": "[split(parameters('environment'),'-')]",
        "environmentFullName": "[toLower(variables('splitEnvironment')[0])]",
        "location": "[toLower(variables('splitEnvironment')[1])]",
        "environment" : "[substring(variables('environmentFullName'), 0, 2)]",
        "baseName": "[concat('z-afa-tran-shrd-', variables('environment'), 'a-', variables('location'))]",
        "vnetName": "[concat(variables('baseName'), '-net01')]",
        "subnetGatewayName": "GatewaySubnet",
        "subnet1Name": "[concat(variables('baseName'), '-sub01')]",
        "subnet2Name": "[concat(variables('baseName'), '-sub02')]",
        "subnet3Name": "[concat(variables('baseName'), '-sub03')]",
        "subnet1NSGName": "[concat(variables('baseName'), '-nsg01')]",
        "subnet2NSGName": "[concat(variables('baseName'), '-nsg02')]",
        "subnet3NSGName": "[concat(variables('baseName'), '-nsg03')]",
        "virtualNetworkGatewayName": "[concat(variables('baseName'), '-vgw01')]",
        "newPublicIpAddressName": "[concat(variables('baseName'), '-pip01')]",
        "iDConnexionByLocation": {
			"ew1": {
				"cnxId": "01"
			},
			"en1": {
				"cnxId": "02"
            }            
		},
		"currentiDConnexion": "[variables('iDConnexionByLocation')[variables('location')]]",
        "iDConnexion": "[variables('currentiDConnexion').cnxId]",
        "connectionName_EW1": "[concat('z-afa-tran-shrd-', variables('environment'), 'a-', 'ew1', '-cnx', variables('iDConnexion'))]",
        "connectionName_EN1": "[concat('z-afa-tran-shrd-', variables('environment'), 'a-', 'en1', '-cnx', variables('iDConnexion'))]",
        "sku": "Standard", /* Standard = up to 1000 Mbps / High Performance 2000 Mbps / Ultra Performance 9000 Mbps */
        "gatewayType": "ExpressRoute",
        "vpnType": "RouteBased"
    },
    "resources": [
        {
            /* Step 1 - Create Virtual Network */
            "apiVersion": "2015-01-01",
            "name": "linkedTemplate-vnet",
            "type": "Microsoft.Resources/deployments",
            "properties": {
                "mode": "Incremental",
                "templateLink": {
                    /*"uri": "[parameters('uri-vnet-template')]",*/
                    "uri": "[concat(uri(deployment().properties.templateLink.uri, './VirtualNetwork/ARM/vnet-template.json'), parameters('blobStorageCommonSasToken'))]",
                    "contentVersion": "1.0.0.0"
                },
                "parameters": {
                    "vnetName": {"value": "[variables('vnetName')]"},
                    "vnetAddressPrefix": {"value": "[parameters('vnetAddressPrefix')]"},
                    "subnetGatewayPrefix": {"value": "[parameters('subnetGatewayPrefix')]"},
                    "subnetGatewayName": {"value": "[variables('subnetGatewayName')]"},
                    "subnet1Prefix": {"value": "[parameters('subnet1Prefix')]"},
                    "subnet1Name": {"value": "[variables('subnet1Name')]"},
                    "subnet1NSGName": {"value": "[variables('subnet1NSGName')]"},
                    "subnet2Prefix": {"value": "[parameters('subnet2Prefix')]"},
                    "subnet2Name": {"value": "[variables('subnet2Name')]"},
                    "subnet2NSGName": {"value": "[variables('subnet2NSGName')]"},
                    "subnet3Prefix": {"value": "[parameters('subnet3Prefix')]"},
                    "subnet3Name": {"value": "[variables('subnet3Name')]"},
                    "subnet3NSGName": {"value": "[variables('subnet3NSGName')]"},
                    "DNSServerAddress": {"value": "[parameters('DNSServerAddress')]"}           
                }
            }
        },
        {
            /* Step 2 - Create Virtual Network Gateway EXR with public ip address */
            "apiVersion": "2015-01-01",
            "name": "linkedTemplate-vnetgw",
            "type": "Microsoft.Resources/deployments",
            "dependsOn": [
                "Microsoft.Resources/deployments/linkedTemplate-vnet"
            ],
            "properties": {
                "mode": "Incremental",
                "templateLink": {
                    /*"uri": "[parameters('uri-vnetgateway-template')]",*/
                    "uri": "[concat(uri(deployment().properties.templateLink.uri, './VirtualNetworkGateway/ARM/vnetgateway-template.json'), parameters('blobStorageCommonSasToken'))]",
                    "contentVersion": "1.0.0.0"
                },
                "parameters": {
                    "virtualNetworkGatewayName": {"value": "[variables('virtualNetworkGatewayName')]"},
                    "sku": {"value": "[variables('sku')]"},
                    "gatewayType": {"value": "[variables('gatewayType')]"},
                    "vpnType": {"value": "[variables('vpnType')]"},
                    "newPublicIpAddressName": {"value": "[variables('newPublicIpAddressName')]"},
                    "virtualNetworkName": {"value": "[variables('vnetName')]"}                   
                }
            }
        },
        {
           /*  Step 3 - Create EXR Connexion object for West Europe */
            "name": "[variables('connectionName_EW1')]",
            "type": "Microsoft.Network/connections",
            "dependsOn": [
                "linkedTemplate-vnetgw"
            ],
            "apiVersion": "2017-03-01",
            "location": "[resourceGroup().location]",
            "properties": {
                "virtualNetworkGateway1": {
                    "id": "[reference('linkedTemplate-vnetgw').outputs.virtualNetworkGatewayId.value]"
                },
                "connectionType": "ExpressRoute",
                "routingWeight": 0,
                "enableBgp": false,
                "usePolicyBasedTrafficSelectors": false,
                "ipsecPolicies": [],
                "authorizationKey": "[parameters('authorizationKey_cnx_EW1')]",
                "peer": {
                    "id": "[parameters('expressroutePeerId_EW1')]"
                }
            }
        },
        {
           /*  Step 3 - Create EXR Connexion object for North Europe */
            "name": "[variables('connectionName_EN1')]",
            "type": "Microsoft.Network/connections",
            "dependsOn": [
                "linkedTemplate-vnetgw",
                "[variables('connectionName_EW1')]"
            ],
            "apiVersion": "2017-03-01",
            "location": "[resourceGroup().location]",
            "properties": {
                "virtualNetworkGateway1": {
                    "id": "[reference('linkedTemplate-vnetgw').outputs.virtualNetworkGatewayId.value]"
                },
                "connectionType": "ExpressRoute",
                "routingWeight": 0,
                "enableBgp": false,
                "usePolicyBasedTrafficSelectors": false,
                "ipsecPolicies": [],
                "authorizationKey": "[parameters('authorizationKey_cnx_EN1')]",
                "peer": {
                    "id": "[parameters('expressroutePeerId_EN1')]"
                }
            }
        }
    ],
    "outputs": {
        "virtualNetworkGatewayId": {
            "type": "string",
            "value": "[reference('linkedTemplate-vnetgw').outputs.virtualNetworkGatewayId.value]"
        },
        "publicIpAddressId": {
            "type": "string",
            "value": "[reference('linkedTemplate-vnetgw').outputs.publicIpAddressId.value]"
        },
        "connectionResourceId_EW1": {
            "type": "string",
            "value": "[resourceId('Microsoft.Network/connections', variables('connectionName_EW1'))]"    
        },
        "connectionResourceId_EN1": {
            "type": "string",
            "value": "[resourceId('Microsoft.Network/connections', variables('connectionName_EN1'))]"    
        }
    }
}