{
	"$schema": "http://schema.management.azure.com/schemas/2015-01-01/deploymentTemplate.json",
	"contentVersion": "1.0.0.0",
	"parameters": {
		"appName": {
			"type": "string"
		},
		"environment": {
			"type": "string"
		},
		"sqlserverSysAdminPassword": {
			"type": "securestring"
		},
		"sqlserverUserPassword": {
			"type": "securestring"
		},
		"sqlDatabaseCollation": {
			"type": "string",
			"defaultValue": "SQL_Latin1_General_CP1_CI_AS"
		},
		"sqlDatabaseEdition": {
			"type": "string",
			"defaultValue": "Default",
			"allowedValues": [
				"Default",
				"Basic",
				"Standard",
				"Premium"
			]
		},
		"sqlDatabaseRequestedServiceObjectiveName": {
			"type": "string",
			"defaultValue": "Default",
			"allowedValues": [
				"Default",
				"Basic",
				"S0",
				"S1",
				"S2",
				"S3",
				"P1",
				"P2",
				"P3"
			],
			"metadata": {
				"description": "Describes the performance level for Edition"
			}
		},
		"blobStorageCommonSasToken": {
			"type": "securestring"
		},
		"exposition": {
			"type": "string",
			"allowedValues": [
				"internal",
				"external",
				"external-internal"
			]
		},
		"idResourceGroup": {
			"type": "string",
			"defaultValue": "01"
		},
		"location": {
			"type": "string"
		},
		"corridor": {
			"type": "string"
		}
	},
	"variables": {
		"workspaceResourceGroupName": "[concat('z-afa-tran-shrd-', parameters('environment'), 'a-', parameters('location'), '-rgp01')]",
		"workspaceName": "[concat('z-afa-tran-shrd-', parameters('environment'), 'a-', parameters('location'), '-oms01')]",
		"sqlServerName": "[concat(parameters('environment'), parameters('corridor'), parameters('location'), 'afa', parameters('appName'), 'sqlaz', parameters('idResourceGroup'))]",
		"sqlServerNameSecondary": "[concat(parameters('environment'), parameters('corridor'), variables('locationSqlServerNameSecondary'), 'afa', parameters('appName'), 'sqlaz', parameters('idResourceGroup'), 'rep')]",
		"sqlserverSysAdminLogin": "dba_archi",
		"sqlserverUserLogin": "[concat('sql_', parameters('appName'), '_user')]",
		"sqlDatabaseName": "[parameters('appName')]",
		"sqlFailoverGroupName": "[toLower(concat(parameters('appName'), 'failover', parameters('idResourceGroup')))]",
		"locationStorageAccountSecondary": "[if(equals(parameters('environment'),'pr'),variables('locationSqlServerNameSecondary'),parameters('location'))]",
		"storageAccountName": "[concat(parameters('environment'), parameters('corridor'), parameters('location'), 'audit', parameters('appName'), 'sql', parameters('idResourceGroup'))]",
		"storageAccountNameSecondary": "[concat(parameters('environment'), parameters('corridor'), variables('locationStorageAccountSecondary'), 'audit', parameters('appName'), 'sql', parameters('idResourceGroup'))]",
		"editionDBbyEnv": {
			"dv": {
				"defaultSqlDatabaseEdition": "Basic"
			},
			"de": {
				"defaultSqlDatabaseEdition": "Basic"
			},
			"in": {
				"defaultSqlDatabaseEdition": "Basic"
			},
			"re": {
				"defaultSqlDatabaseEdition": "Standard"
			},
			"pp": {
				"defaultSqlDatabaseEdition": "Standard"
			},
			"pr": {
				"defaultSqlDatabaseEdition": "Standard"
			}
		},
		"currentEditionDBbyEnv": "[variables('editionDBbyEnv')[parameters('environment')]]",
		"defaultSqlDatabaseEdition": "[variables('currentEditionDBbyEnv').defaultSqlDatabaseEdition]",
		"locationByEnv": {
			"ew1": {
				"locationSqlServerNameSecondary": "en1",
				"locationFulltextSqlServerNameSecondary": "North Europe",
				"locationStorageAccountSecondary": "northeurope"
			},
			"en1": {
				"locationSqlServerNameSecondary": "ew1",
				"locationFulltextSqlServerNameSecondary": "West Europe",
				"locationStorageAccountSecondary": "westeurope"
			}
		},
		"currentLocationbyEnv": "[variables('locationByEnv')[parameters('location')]]",
		"locationSqlServerNameSecondary": "[variables('currentLocationbyEnv').locationSqlServerNameSecondary]",
		"locationFulltextSqlServerNameSecondary": "[variables('currentLocationbyEnv').locationFulltextSqlServerNameSecondary]",
		"locationFulltextStorageAccountSecondary": "[variables('currentLocationbyEnv').locationStorageAccountSecondary]"
	},
	"resources": [{
			"name": "storageAccountAuditLogsSQL",
			"type": "Microsoft.Resources/deployments",
			"apiVersion": "2017-05-10",
			"dependsOn": [],
			"properties": {
				"mode": "Incremental",
				"templateLink": {
					"uri": "[concat(uri(deployment().properties.templateLink.uri, '../StorageAccount/sa-template.json'), parameters('blobStorageCommonSasToken'))]",
					"contentVersion": "1.0.0.0"
				},
				"parameters": {
					"storageAccountName": {
						"value": "[variables('storageAccountName')]"
					}
				}
			}
		},
		{
			"condition": "[equals(parameters('environment'),'pr')]",
			"name": "storageAccountAuditLogsSQLSecondary",
			"type": "Microsoft.Resources/deployments",
			"apiVersion": "2017-05-10",
			"dependsOn": [],
			"properties": {
				"mode": "Incremental",
				"templateLink": {
					"uri": "[concat(uri(deployment().properties.templateLink.uri, '../StorageAccount/sa-template.json'), parameters('blobStorageCommonSasToken'))]",
					"contentVersion": "1.0.0.0"
				},
				"parameters": {
					"storageAccountName": {
						"value": "[variables('storageAccountNameSecondary')]"
					},
					"storageAccountLocation": {
						"value": "[variables('locationFulltextStorageAccountSecondary')]"
					}
				}
			}
		},
		{
			"name": "[variables('sqlServerName')]",
			"type": "Microsoft.Sql/servers",
			"location": "[resourceGroup().location]",
			"apiVersion": "2015-05-01-preview",
			"dependsOn": [
				"storageAccountAuditLogsSQL"
			],
			"tags": {
				"displayName": "[variables('sqlServerName')]"
			},
			"properties": {
				"administratorLogin": "[variables('sqlserverSysAdminLogin')]",
				"administratorLoginPassword": "[parameters('sqlserverSysAdminPassword')]"
			},
			"resources": [{
					"apiVersion": "2015-05-01-preview",
					"type": "auditingSettings",
					"name": "auditLogsSqlServer",
					"location": "[resourceGroup().location]",
					"dependsOn": [
						"[variables('sqlServerName')]",
						"storageAccountAuditLogsSQL"
					],
					"properties": {
						"State": "Enabled",
						"storageEndpoint": "[reference('storageAccountAuditLogsSQL').outputs.storageAccountInfo.value.primaryEndpoints.blob]",
						"storageAccountAccessKey": "[reference('storageAccountAuditLogsSQL').outputs.storageAccountKey.value]",
						"retentionDays": 7,
						"auditActionsAndGroups": null,
						"storageAccountSubscriptionId": "[subscription().subscriptionId]",
						"isStorageSecondaryKeyInUse": false
					}
				},
				{
					"condition": "[equals(parameters('environment'),'pr')]",
					"apiVersion": "2015-05-01-preview",
					"type": "failoverGroups",
					"name": "[variables('sqlFailoverGroupName')]",
					"properties": {
						"serverName": "[variables('sqlServerName')]",
						"partnerServers": [{
							"id": "[resourceId('Microsoft.Sql/servers/', variables('sqlServerNameSecondary'))]"
						}],
						"readWriteEndpoint": {
							"failoverPolicy": "Automatic",
							"failoverWithDataLossGracePeriodMinutes": 60
						},
						"readOnlyEndpoint": {
							"failoverPolicy": "Disabled"
						},
						"databases": [
							"[resourceId('Microsoft.Sql/servers/databases', variables('sqlServerName'), variables('sqlDatabaseName'))]"
						]
					},
					"dependsOn": [
						"[variables('sqlServerName')]",
						"[resourceId('Microsoft.Sql/servers/databases', variables('sqlServerName'), variables('sqlDatabaseName'))]",
						"[resourceId('Microsoft.Sql/servers', variables('sqlServerNameSecondary'))]"
					]
				},
				{
					"name": "[concat(variables('sqlServerName'), '/', variables('sqlDatabaseName'))]",
					"type": "Microsoft.Sql/servers/databases",
					"location": "[resourceGroup().location]",
					"apiVersion": "2015-05-01-preview",
					"dependsOn": [
						"[variables('sqlServerName')]"
					],
					"tags": {
						"displayName": "[variables('sqlDatabaseName')]"
					},
					"properties": {
						"collation": "[parameters('sqlDatabaseCollation')]",
						"edition": "[if(equals(parameters('sqlDatabaseEdition'),'Default'),variables('defaultSqlDatabaseEdition'),parameters('sqlDatabaseEdition'))]",
						"requestedServiceObjectiveName": "[if(or(equals(parameters('sqlDatabaseEdition'),'Default'),equals(parameters('sqlDatabaseRequestedServiceObjectiveName'),'Default')),'',parameters('sqlDatabaseRequestedServiceObjectiveName'))]"
					}
				}
			]
		},
		{
			"condition": "[equals(parameters('environment'),'pr')]",
			"name": "[variables('sqlServerNameSecondary')]",
			"type": "Microsoft.Sql/servers",
			"location": "[variables('locationFulltextSqlServerNameSecondary')]",
			"apiVersion": "2015-05-01-preview",
			"dependsOn": [
				"storageAccountAuditLogsSQLSecondary"
			],
			"tags": {
				"displayName": "[variables('sqlServerNameSecondary')]"
			},
			"properties": {
				"administratorLogin": "[variables('sqlserverSysAdminLogin')]",
				"administratorLoginPassword": "[parameters('sqlserverSysAdminPassword')]"
			},
			"resources": [{
				"condition": "[equals(parameters('environment'),'pr')]",
				"apiVersion": "2015-05-01-preview",
				"type": "auditingSettings",
				"name": "auditLogsSqlServerSecondary",
				"location": "[resourceGroup().location]",
				"dependsOn": [
					"[variables('sqlServerNameSecondary')]",
					"storageAccountAuditLogsSQLSecondary"
				],
				"properties": {
					"State": "Enabled",
					"eventTypesToAudit": "All",
					"storageEndpoint": "[reference(if(equals(parameters('environment'),'pr'),'storageAccountAuditLogsSQLSecondary', 'storageAccountAuditLogsSQL')).outputs.storageAccountInfo.value.primaryEndpoints.blob]",
					"storageAccountAccessKey": "[reference(if(equals(parameters('environment'),'pr'),'storageAccountAuditLogsSQL', 'storageAccountAuditLogsSQL')).outputs.storageAccountKey.value]",
					"retentionDays": 7,
					"auditActionsAndGroups": null,
					"storageAccountSubscriptionId": "[subscription().subscriptionId]",
					"isStorageSecondaryKeyInUse": false
				}
			}]
		}
	],
	"outputs": {
		"dataBaseInfos": {
			"type": "object",
			"value": {
				"sqlFullyQualifiedDomainName": "[reference(concat('Microsoft.Sql/servers/', variables('sqlServerName'))).fullyQualifiedDomainName]",
				"sqlServerName": "[variables('sqlServerName')]",
				"sqlDatabaseName": "[variables('sqlDatabaseName')]",
				"sqlserverUserLogin": "[variables('sqlserverUserLogin')]",
				"sqlserverSysAdminLogin": "[variables('sqlserverSysAdminLogin')]"
			}
		},
		"sqlServerName": {
			"type": "string",
			"value": "[variables('sqlServerName')]"
		}
	}
}