{
	"$schema": "https://schema.management.azure.com/schemas/2015-01-01/deploymentTemplate.json#",
	"contentVersion": "1.0.0.0",
	"parameters": {
		"baseName": {
			"type": "string"
		},
		"idResourceGroup": {
			"type": "string",
			"defaultValue": "01"
		},
		"publicIPAllocationMethod": {
			"type": "string",
			"allowedValues": [
				"Static",
				"Dynamic"
			],
			"defaultValue": "Dynamic",
			"metadata": {
				"description": "Allocation Method for public ip"
			}
		}
	},
	"variables": {
		"publicIPAddressName": "[concat(parameters('baseName'), '-pip', parameters('idResourceGroup'))]"
	},
	"resources": [{
		"apiVersion": "2017-03-01",
		"type": "Microsoft.Network/publicIPAddresses",
		"name": "[variables('publicIPAddressName')]",
		"location": "[resourceGroup().location]",
		"properties": {
			"publicIPAllocationMethod": "[parameters('publicIPAllocationMethod')]"			
		}
	}],
	"outputs": {
		"publicIPAddressName": {
			"type": "string",
			"value": "[variables('publicIPAddressName')]"
		},
		"publicIPRef": {
			"type": "string",
			"value": "[resourceId('Microsoft.Network/publicIPAddresses', variables('publicIPAddressName'))]"
		}		
	}
}