{
	"$schema": "https://schema.management.azure.com/schemas/2015-01-01/deploymentTemplate.json#",
	"contentVersion": "1.0.0.0",
	"parameters": {
		"trafficManagerProfilesName": {
			"type": "string",
			"metadata": {
				"description": "Traffic Manager Profiles Name"
			}
		},
		"endpointName": {
			"type": "string"
		},
		"endpoint": {
			"type": "string"
		}
	},
	"variables": {},
	"resources": [{
		"name": "[concat(parameters('trafficManagerProfilesName'), '/', parameters('endpointName'))]",
		"type": "Microsoft.Network/trafficManagerProfiles/azureEndpoints",
		"apiVersion": "2015-11-01",
		"dependsOn": [],
		"location": "global",
		"properties": {
			"targetResourceId": "[parameters('endpoint')]",
			"endpointStatus": "Enabled"
		}
	}]
}