{
    "$schema": "http://schema.management.azure.com/schemas/2015-01-01/deploymentTemplate.json#",
    "contentVersion": "1.0.0.0",
    "parameters": {
      "certificateInfo": {
        "type": "secureObject"
      }
    },
    "variables": {},
    "resources": [
      {
        "apiVersion": "2016-03-01",
        "type": "Microsoft.Web/certificates",
        "name": "[parameters('certificateInfo').name]",
        "location": "[resourceGroup().location]",
        "properties": {
          "pfxBlob": "[parameters('certificateInfo').base64Content]",
          "password": "[parameters('certificateInfo').pfxPassword]"
        }
      }
    ],
    "outputs": {
      "thumbprint": {
        "type": "string",
        "value": "[reference(resourceId('Microsoft.Web/certificates', parameters('certificateInfo').name), providers('Microsoft.Web', 'certificates').apiVersions[0]).thumbprint]"
      }
    }
  }
  