{
	"$schema": "https://schema.management.azure.com/schemas/2015-01-01/deploymentTemplate.json#",
	"contentVersion": "1.0.0.0",
	"parameters": {
		"dnsZoneName": {
			"type": "string",
			"defaultValue": "[concat(uniqueString(resourceGroup().id), '.azurequickstart.org')]",
			"metadata": {
				"description": "The name of the DNS zone to be created.  Must have at least 2 segements, e.g. hostname.org"
			}
		},
		"newRecordName": {
			"type": "string",
			"defaultValue": "www",
			"metadata": {
				"description": "The name of the DNS record to be created.  The name is relative to the zone, not the FQDN."
			}
		},
		"location": {
			"type": "string",
			"defaultValue": "[resourceGroup().location]",
			"metadata": {
				"description": "Location for all resources."
			}
		}
	},
	"variables": {		
	},
	"resources": [{
			"type": "Microsoft.Network/dnszones/a",
			"name": "[concat(parameters('dnsZoneName'), '/', parameters('newRecordName'))]",
			"apiVersion": "2016-04-01",
			"location": "global",
			"dependsOn": [
				"[parameters('dnsZoneName')]"
			],
			"properties": {
				"TTL": 3600,
				"ARecords": [{
						"ipv4Address": "1.2.3.4"
					},
					{
						"ipv4Address": "1.2.3.5"
					}
				]
			}
		}
	],
	"outputs": {
		"nameServers": {
			"type": "array",
			"value": "[reference(parameters('dnsZoneName')).nameServers]"
		}
	}
}