{
    "$schema": "http://schema.management.azure.com/schemas/2015-01-01/deploymentTemplate.json#",
    "contentVersion": "1.0.0.0",
    "parameters": {
        "webappName": {
            "type": "string"
        },
        "customHostName": {
            "type": "string"
        }
    },
    "variables": {},
    "resources": [
        {
            "type": "Microsoft.Web/sites/hostnameBindings",
            "name": "[concat(parameters('webappName'), '/', parameters('customHostName'))]",
            "apiVersion": "2016-08-01",
            "location": "[resourceGroup().location]",
            "properties": {},
            "dependsOn": [ ]
          }
    ]
} 