{
    "$schema": "http://schema.management.azure.com/schemas/2015-01-01/deploymentTemplate.json#",
    "contentVersion": "1.0.0.0",
    "parameters": {
      "webappName": {
        "type": "string"
      },
      "customHostName": {
        "type": "string"
      },
      "certificateThumbprint": {
        "type": "securestring"
      }
    },
    "variables": {},
    "resources": [
      {
        "type": "Microsoft.Web/sites/hostnameBindings",
        "name": "[concat(parameters('webAppName'), '/', parameters('customHostname'))]",
        "apiVersion": "2016-03-01",
        "location": "[resourceGroup().location]",
        "properties": {
          "sslState": "SniEnabled",
          "thumbprint": "[parameters('certificateThumbprint')]"
        },
        "dependsOn": []
      }
    ]
  }
  