{
    "id": "#{DAILYCLEAN_CLEAN_TASKID}#",
    "name": "DailyClean - Clean the environnement",
    "friendlyName": "#{EXPERIMENTAL}#DailyClean Cleaner",
    "description": "Task use to delete Azure ressource for stage",
    "helpMarkDown": "[More Information](https://url.to/yourmarkdown)",
    "category": "Deploy",
    "visibility": [
      "Release"
    ],
    "author": "AXA France IA-Ops",
    "version": {
        "Major": 0,
        "Minor": 1,
        "Patch": 0
    },
    "demands": [
        "azureps"
    ],
    "groups": [],
    "inputs": [{
        "name": "ConnectedServiceName",
        "type": "connectedService:AzureRM",
        "label": "Azure RM Subscription",
        "defaultValue": "",
        "required": true,
        "helpMarkDown": "Azure Resource Manager subscription to configure befornning."
    },
    {
        "name": "dryrun",
        "type": "picklist",
        "label": "Dry Run",
        "defaultValue": "false",
        "options": {
            "true": "True",
            "false": "False"
        },
        "required": true,
        "helpMarkDown": "With this option, you are able to test the dailyClean without delete resource, it will just notify what it should be deleted"
    }],
    "dataSourceBindings": [],
    "instanceNameFormat": "#{EXPERIMENTAL}#DailyClean Cleaner",
    "execution": {
        "PowerShell3": {
        "target": "$(currentDirectory)\\cleanEnvWrapper.ps1",
        "workingDirectory": "$(currentDirectory)"
        }
    }
}