{
    "$schema": "http://schema.management.azure.com/schemas/2015-01-01/deploymentTemplate.json",
    "contentVersion": "1.0.0.0",
    "parameters": {
        "aseName": {
            "type": "string",
            "metadata": {
                "description": "Name of the App Service Environment"
            }
        },
        "aseLocation": { 
            "type": "string", 
            "allowedValues": [ 
                "North Europe", 
                "West Europe"
            ], 
            "metadata": { 
                "description": "Location of the App Service Environment" 
            } 
        },
        "virtualNetworksResourceGroupName": {
            "type": "string",
            "metadata": {
                "description": "ARM resource groupe reference for the virtual network that will contain the ASE.  Use Microsoft.Network for ARM vnets.  Use Microsoft.ClassicNetwork for older ASM vnets.  /subscriptions/subIDGoesHere/resourceGroups/rgNameGoesHere/providers/Microsoft.Network/virtualNetworks/vnetnamegoeshere"
            }
        },
        "virtualNetworksName": {
            "type": "string",
            "metadata": {
                "description": "ARM Vnet name reference for the virtual network that will contain the ASE.  Use Microsoft.Network for ARM vnets.  Use Microsoft.ClassicNetwork for older ASM vnets.  /subscriptions/subIDGoesHere/resourceGroups/rgNameGoesHere/providers/Microsoft.Network/virtualNetworks/vnetnamegoeshere"
            }
        },
        "subnetName": {
            "type": "string",
            "metadata": {
                "description": "Subnet name that will contain the App Service Environment"
            }
        },
        "internalLoadBalancingMode": {
            "type": "int",
            "defaultValue": 3,
            "metadata": {
                "description": "0 = public VIP only, 1 = only ports 80/443 are mapped to ILB VIP, 2 = only FTP ports are mapped to ILB VIP, 3 = both ports 80/443 and FTP ports are mapped to an ILB VIP."
            }
        },
        "dnsSuffix": {
            "type": "string",
            "metadata": {
                "description": "Used *only* when deploying an ILB enabled ASE.  Set this to the root domain associated with the ASE.  For example: contoso.com"
            }
        },
        "ipSslAddressCount": {
            "type": "int",
            "defaultValue": 0,
            "metadata": {
                "description": "Number of IP addresses for the IP-SSL address pool.  This value *must* be zero when internalLoadBalancing mode is set to either 1 or 3."
            }
        }
    },
    "resources": [
      {
        "apiVersion": "2015-08-01",
        "type": "Microsoft.Web/hostingEnvironments",
        "name": "[parameters('aseName')]",
        "kind": "ASEV2",
        "location": "[parameters('aseLocation')]",
        "properties": {
          "name": "[parameters('aseName')]",
          "location": "[parameters('aseLocation')]",
          "ipSslAddressCount": "[parameters('ipSslAddressCount')]",
          "internalLoadBalancingMode": "[parameters('internalLoadBalancingMode')]",
          "dnsSuffix" : "[parameters('dnsSuffix')]",
          "virtualNetwork": {
            "Id": "[concat('/subscriptions/',subscription().subscriptionId,'/resourceGroups/', parameters('virtualNetworksResourceGroupName'), '/providers/', 'Microsoft.Network/virtualNetworks/', parameters('virtualNetworksName'))]",
            "Subnet": "[parameters('subnetName')]"
          }
        }
      }
    ]
}