{
    "$schema": "http://schema.management.azure.com/schemas/2015-01-01/deploymentTemplate.json",
    "contentVersion": "1.0.0.0",
    "parameters": {
        "aseName": {
            "type": "string",
            "metadata": {
                "description": "Name of the App Service Environment"
            }
        },
        "aseLocation": { 
            "type": "string", 
            "allowedValues": [ 
                "North Europe", 
                "West Europe"
            ], 
            "metadata": { 
                "description": "Location of the App Service Environment" 
            } 
        },
        "pfxBlobString": {
            "type": "securestring",
            "metadata": {
                "description": "A pfx file encoded as a base-64 string.  The pfx contains the SSL certificate that will be configured as the default SSL certificate for the ASE."
            }
        },
        "password": {
            "type": "securestring",
            "metadata": {
                "description": "The password for the pfx filed contained in pfxBlobString."
            }
        },
        "certificateThumbprint": {
            "type": "securestring",
            "metadata": {
                "description": "The hexadecimal certificate thumbprint of the certificate contained in pfxBlobString.  All spaces need to be removed from the hex string."
            }
        },
        "certificateName": {
            "type": "string",
            "metadata": {
                "description": "Name of the certificate.  This can be any name you want to use to identify the certificate."
            }
        }
    },
    "resources": [
        {
            "apiVersion": "2015-08-01",
            "type": "Microsoft.Web/certificates",
            "name": "[parameters('certificateName')]",
            "location": "[parameters('aseLocation')]",
            "properties": {
                "pfxBlob": "[parameters('pfxBlobString')]",
                "password": "[parameters('password')]",
                "hostingEnvironmentProfile": {
                     "id": "[resourceId('Microsoft.Web/hostingEnvironments',parameters('aseName'))]"
                }
            }
        },
        {
        "apiVersion": "2015-08-01",
        "type": "Microsoft.Web/hostingEnvironments",
        "name": "[parameters('aseName')]",
        "kind": "ASEV2",
        "location": "[parameters('aseLocation')]",
        "dependsOn": [
            "[concat('Microsoft.Web/certificates/',parameters('certificateName'))]"
        ],
        "properties": {
            "clusterSettings": [
                {
                    "name": "DefaultSslCertificateThumbprint",
                    "value": "[parameters('certificateThumbprint')]"
                }
            ]
        }
      }
    ]
}