{
	"$schema": "https://schema.management.azure.com/schemas/2015-01-01/deploymentTemplate.json#",
	"contentVersion": "1.0.0.0",
	"parameters": {
		"baseName": {
			"type": "string"
		},
		"environment": {
			"type": "string"
		},
		"idResourceGroup": {
			"type": "string"
		},
		"corridor": {
			"type": "string"
		},
		"applicationGatewaySize": {
			"type": "string",
			"allowedValues": [
				"WAF_Medium",
				"WAF_Large"
			],
			"defaultValue": "WAF_Medium",
			"metadata": {
				"description": "application gateway size"
			}
		},
		"capacity": {
			"type": "int",
			"allowedValues": [
				1,
				2,
				3,
				4,
				5,
				6,
				7,
				8,
				9,
				10
			],
			"defaultValue": 2,
			"metadata": {
				"description": "Number of instances"
			}
		},
		"appGatewayIpConfig": {
			"type": "string"
		},
		"appGatewayFrontendIP": {
			"type": "string"
		},
		"appGatewayBackendPools": {
			"type": "array"
		},
		"appGatewayFrontendProtocol": {
			"type": "string",
			"defaultValue": "https",
			"metadata": {
				"description": "application gateway front end protocol"
			}
		},
		"appGatewayFrontendPort": {
			"type": "int",
			"defaultValue": 443,
			"metadata": {
				"description": "application gateway front end port"
			}
		},
		"appGatewayBackendProtocol": {
			"type": "string",
			"defaultValue": "https",
			"metadata": {
				"description": "application gateway back end protocol"
			}
		},
		"appGatewayBackendPort": {
			"type": "int",
			"defaultValue": 443,
			"metadata": {
				"description": "application gateway back end port"
			}
		},
		"cookieBasedAffinity": {
			"type": "string",
			"allowedValues": [
				"Enabled",
				"Disabled"
			],
			"defaultValue": "Enabled",
			"metadata": {
				"description": "cookie based affinity"
			}
		},
		"wafEnabled": {
			"type": "bool",
			"defaultValue": true,
			"metadata": {
				"description": "WAF Enabled"
			}
		},
		"wafMode": {
			"type": "string",
			"allowedValues": [
				"Detection",
				"Prevention"
			],
			"defaultValue": "Detection",
			"metadata": {
				"description": "WAF Mode"
			}
		},
		"wafRuleSetType": {
			"type": "string",
			"allowedValues": [
				"OWASP"
			],
			"defaultValue": "OWASP",
			"metadata": {
				"description": "WAF Rule Set Type"
			}
		},
		"wafRuleSetVersion": {
			"type": "string",
			"allowedValues": [
				"2.2.9",
				"3.0"
			],
			"defaultValue": "3.0",
			"metadata": {
				"description": "WAF Rule Set Version"
			}
		},
		"appGatewayPfx": {
			"type": "string",
			"metadata": {
				"description": "Base-64 encoded form of the .pfx file"
			}
		},
		"appGatewayPfxPwd": {
			"type": "securestring",
			"metadata": {
				"description": "Password for .pfx certificate"
			}
		},
		"appGatewayCer": {
			"type": "securestring",
			"metadata": {
				"description": "Base-64 encoded form of the cer file"
			}
		}
	},
	"variables": {
		"applicationGatewayName": "[concat(parameters('baseName'), '-apg', parameters('idResourceGroup'))]",
		"applicationGatewayID": "[resourceId('Microsoft.Network/applicationGateways', variables('applicationGatewayName'))]"
	},
	"resources": [{
		"apiVersion": "2017-06-01",
		"name": "[variables('applicationGatewayName')]",
		"type": "Microsoft.Network/applicationGateways",
		"location": "[resourceGroup().location]",
		"dependsOn": [],
		"properties": {
			"sku": {
				"name": "[parameters('applicationGatewaySize')]",
				"tier": "WAF",
				"capacity": "[parameters('capacity')]"
			},
			"sslCertificates": [{
				"name": "appGatewaySslCert",
				"properties": {
					"data": "[parameters('appGatewayPfx')]",
					"password": "[parameters('appGatewayPfxPwd')]"
				}
			}],
			"authenticationCertificates": [{
				"name": "backend_certificate",
				"properties": {
					"data": "[parameters('appGatewayCer')]"
				}
			}],
			"gatewayIPConfigurations": [{
				"name": "appGatewayIpConfig",
				"properties": {
					"subnet": {
						"id": "[parameters('appGatewayIpConfig')]"
					}
				}
			}],
			"frontendIPConfigurations": [{
				"name": "appGatewayFrontendIP",
				"properties": {
					"PublicIPAddress": {
						"id": "[parameters('appGatewayFrontendIP')]"
					}
				}
			}],
			"frontendPorts": [{
				"name": "appGatewayFrontendPort",
				"properties": {
					"Port": "[parameters('appGatewayFrontendPort')]"
				}
			}],
			"backendAddressPools": [{
				"name": "appGatewayBackendPools",
				"properties": {
					"BackendAddresses": "[parameters('appGatewayBackendPools')]"
				}
			}],
			"backendHttpSettingsCollection": [{
				"name": "appGatewayBackendHttpSettings",
				"properties": {
					"Port": "[parameters('appGatewayBackendPort')]",
					"Protocol": "[parameters('appGatewayBackendProtocol')]",
					"CookieBasedAffinity": "[parameters('cookieBasedAffinity')]",
					"authenticationCertificates": [{
						"Id": "[concat(variables('applicationGatewayID'), '/authenticationCertificates/backend_certificate')]"
					}]
				}
			}],
			"httpListeners": [{
				"name": "httpsListener",
				"properties": {
					"FrontendIPConfiguration": {
						"Id": "[concat(variables('applicationGatewayID'), '/frontendIPConfigurations/appGatewayFrontendIP')]"
					},
					"FrontendPort": {
						"Id": "[concat(variables('applicationGatewayID'), '/frontendPorts/appGatewayFrontendPort')]"
					},
					"Protocol": "[parameters('appGatewayFrontendProtocol')]",
					"SslCertificate": {
						"Id": "[concat(variables('applicationGatewayID'), '/sslCertificates/appGatewaySslCert')]"
					}
				}
			}],
			"requestRoutingRules": [{
				"Name": "httpsRule",
				"properties": {
					"RuleType": "Basic",
					"httpListener": {
						"id": "[concat(variables('applicationGatewayID'), '/httpListeners/httpsListener')]"
					},
					"backendAddressPool": {
						"id": "[concat(variables('applicationGatewayID'), '/backendAddressPools/appGatewayBackendPools')]"
					},
					"backendHttpSettings": {
						"id": "[concat(variables('applicationGatewayID'), '/backendHttpSettingsCollection/appGatewayBackendHttpSettings')]"
					}
				}
			}],
			"webApplicationFirewallConfiguration": {
				"enabled": "[parameters('wafEnabled')]",
				"firewallMode": "[parameters('wafMode')]",
				"ruleSetType": "[parameters('wafRuleSetType')]",
				"ruleSetVersion": "[parameters('wafRuleSetVersion')]",
				"disabledRuleGroups": []
			}
		}
	}],
	"outputs": {

	}
}