{
	"$schema": "https://schema.management.azure.com/schemas/2015-01-01/deploymentTemplate.json#",
	"contentVersion": "1.0.0.0",
	"parameters": {
		"workspaceName": {
			"type": "string",
			"metadata": {
				"description": "workspaceName"
			}
		},
		"serviceTier": {
			"type": "string",
			"allowedValues": [
				"Free",
				"Standalone",
				"PerNode"
			],
			"metadata": {
				"description": "Service Tier: Free, Standalone, or PerNode"
			}
		},
		"dataRetention": {
			"type": "int",
			"defaultValue": 30,
			"minValue": 7,
			"maxValue": 730,
			"metadata": {
				"description": "Number of days of retention. Free plans can only have 7 days, Standalone and OMS plans include 30 days for free"
			}
		}
	},
	"variables": {
		"ADAssessment": {
			"Name": "[Concat('ADAssessment', '(', parameters('workspaceName'), ')')]",
			"GalleryName": "ADAssessment"
		},
		"ApplicationInsights": {
			"Name": "[Concat('ApplicationInsights', '(', parameters('workspaceName'), ')')]",
			"GalleryName": "ApplicationInsights"
		},
		"AzureActivity": {
			"Name": "[Concat('AzureActivity', '(', parameters('workspaceName'), ')')]",
			"GalleryName": "AzureActivity"
		},
		"AzureSQLAnalytics": {
			"Name": "[Concat('AzureSQLAnalytics', '(', parameters('workspaceName'), ')')]",
			"GalleryName": "AzureSQLAnalytics"
		},
		"AzureWebAppsAnalytics": {
			"Name": "[Concat('AzureWebAppsAnalytics', '(', parameters('workspaceName'), ')')]",
			"GalleryName": "AzureWebAppsAnalytics"
		},
		"AzureNSGAnalytics": {
			"Name": "[Concat('AzureNSGAnalytics', '(', parameters('workspaceName'), ')')]",
			"GalleryName": "AzureNSGAnalytics"
		}
	},
	"resources": [{
		"apiVersion": "2017-03-15-preview",
		"type": "Microsoft.OperationalInsights/workspaces",
		"name": "[parameters('workspaceName')]",
		"location": "[resourceGroup().location]",
		"properties": {
			"sku": {
				"Name": "[parameters('serviceTier')]"
			},
			"retention": "[parameters('dataRetention')]"
		},
		"resources": [{
				"apiVersion": "2015-11-01-preview",
				"type": "datasources",
				"name": "sampleWindowsPerfCounter1",
				"dependsOn": [
					"[concat('Microsoft.OperationalInsights/workspaces/', parameters('workspaceName'))]"
				],
				"kind": "WindowsPerformanceCounter",
				"properties": {
					"objectName": "Memory",
					"instanceName": "*",
					"intervalSeconds": 10,
					"counterName": "Available MBytes"
				}
			},
			{
				"apiVersion": "2015-11-01-preview",
				"type": "datasources",
				"name": "sampleIISLog1",
				"dependsOn": [
					"[concat('Microsoft.OperationalInsights/workspaces/', parameters('workspaceName'))]"
				],
				"kind": "IISLogs",
				"properties": {
					"state": "OnPremiseEnabled"
				}
			},			
			{
				"apiVersion": "2015-11-01-preview",
				"location": "[resourceGroup().location]",
				"name": "[variables('ADAssessment').Name]",
				"type": "Microsoft.OperationsManagement/solutions",
				"id": "[concat('/subscriptions/', subscription().subscriptionId, '/resourceGroups/', resourceGroup().name, '/providers/Microsoft.OperationsManagement/solutions/', variables('ADAssessment').Name)]",
				"dependsOn": [
					"[concat('Microsoft.OperationalInsights/workspaces/', parameters('workspaceName'))]"
				],
				"properties": {
					"workspaceResourceId": "[resourceId('Microsoft.OperationalInsights/workspaces/', parameters('workspaceName'))]"
				},
				"plan": {
					"name": "[variables('ADAssessment').Name]",
					"publisher": "Microsoft",
					"product": "[Concat('OMSGallery/', variables('ADAssessment').GalleryName)]",
					"promotionCode": ""
				}
			},
			{
				"apiVersion": "2015-11-01-preview",
				"location": "[resourceGroup().location]",
				"name": "[variables('ApplicationInsights').Name]",
				"type": "Microsoft.OperationsManagement/solutions",
				"id": "[concat('/subscriptions/', subscription().subscriptionId, '/resourceGroups/', resourceGroup().name, '/providers/Microsoft.OperationsManagement/solutions/', variables('ApplicationInsights').Name)]",
				"dependsOn": [
					"[concat('Microsoft.OperationalInsights/workspaces/', parameters('workspaceName'))]"
				],
				"properties": {
					"workspaceResourceId": "[resourceId('Microsoft.OperationalInsights/workspaces/', parameters('workspaceName'))]"
				},
				"plan": {
					"name": "[variables('ApplicationInsights').Name]",
					"publisher": "Microsoft",
					"product": "[Concat('OMSGallery/', variables('ApplicationInsights').GalleryName)]",
					"promotionCode": ""
				}
			},
			{
				"apiVersion": "2015-11-01-preview",
				"location": "[resourceGroup().location]",
				"name": "[variables('AzureActivity').Name]",
				"type": "Microsoft.OperationsManagement/solutions",
				"id": "[concat('/subscriptions/', subscription().subscriptionId, '/resourceGroups/', resourceGroup().name, '/providers/Microsoft.OperationsManagement/solutions/', variables('AzureActivity').Name)]",
				"dependsOn": [
					"[concat('Microsoft.OperationalInsights/workspaces/', parameters('workspaceName'))]"
				],
				"properties": {
					"workspaceResourceId": "[resourceId('Microsoft.OperationalInsights/workspaces/', parameters('workspaceName'))]"
				},
				"plan": {
					"name": "[variables('AzureActivity').Name]",
					"publisher": "Microsoft",
					"product": "[Concat('OMSGallery/', variables('AzureActivity').GalleryName)]",
					"promotionCode": ""
				}
			},
			{
				"apiVersion": "2015-11-01-preview",
				"location": "[resourceGroup().location]",
				"name": "[variables('AzureSQLAnalytics').Name]",
				"type": "Microsoft.OperationsManagement/solutions",
				"id": "[concat('/subscriptions/', subscription().subscriptionId, '/resourceGroups/', resourceGroup().name, '/providers/Microsoft.OperationsManagement/solutions/', variables('AzureSQLAnalytics').Name)]",
				"dependsOn": [
					"[concat('Microsoft.OperationalInsights/workspaces/', parameters('workspaceName'))]"
				],
				"properties": {
					"workspaceResourceId": "[resourceId('Microsoft.OperationalInsights/workspaces/', parameters('workspaceName'))]"
				},
				"plan": {
					"name": "[variables('AzureSQLAnalytics').Name]",
					"publisher": "Microsoft",
					"product": "[Concat('OMSGallery/', variables('AzureSQLAnalytics').GalleryName)]",
					"promotionCode": ""
				}
			},
			{
				"apiVersion": "2015-11-01-preview",
				"location": "[resourceGroup().location]",
				"name": "[variables('AzureWebAppsAnalytics').Name]",
				"type": "Microsoft.OperationsManagement/solutions",
				"id": "[concat('/subscriptions/', subscription().subscriptionId, '/resourceGroups/', resourceGroup().name, '/providers/Microsoft.OperationsManagement/solutions/', variables('AzureWebAppsAnalytics').Name)]",
				"dependsOn": [
					"[concat('Microsoft.OperationalInsights/workspaces/', parameters('workspaceName'))]"
				],
				"properties": {
					"workspaceResourceId": "[resourceId('Microsoft.OperationalInsights/workspaces/', parameters('workspaceName'))]"
				},
				"plan": {
					"name": "[variables('AzureWebAppsAnalytics').Name]",
					"publisher": "Microsoft",
					"product": "[Concat('OMSGallery/', variables('AzureWebAppsAnalytics').GalleryName)]",
					"promotionCode": ""
				}
			},
			{
				"apiVersion": "2015-11-01-preview",
				"location": "[resourceGroup().location]",
				"name": "[variables('AzureNSGAnalytics').Name]",
				"type": "Microsoft.OperationsManagement/solutions",
				"id": "[concat('/subscriptions/', subscription().subscriptionId, '/resourceGroups/', resourceGroup().name, '/providers/Microsoft.OperationsManagement/solutions/', variables('AzureNSGAnalytics').Name)]",
				"dependsOn": [
					"[concat('Microsoft.OperationalInsights/workspaces/', parameters('workspaceName'))]"
				],
				"properties": {
					"workspaceResourceId": "[resourceId('Microsoft.OperationalInsights/workspaces/', parameters('workspaceName'))]"
				},
				"plan": {
					"name": "[variables('AzureNSGAnalytics').Name]",
					"publisher": "Microsoft",
					"product": "[Concat('OMSGallery/', variables('AzureNSGAnalytics').GalleryName)]",
					"promotionCode": ""
				}
			}
		]
	}],
	"outputs": {
		"workspaceName": {
			"type": "string",
			"value": "[parameters('workspaceName')]"
		},
		"provisioningState": {
			"type": "string",
			"value": "[reference(resourceId('Microsoft.OperationalInsights/workspaces', parameters('workspaceName')), '2015-11-01-preview').provisioningState]"
		},
		"source": {
			"type": "string",
			"value": "[reference(resourceId('Microsoft.OperationalInsights/workspaces', parameters('workspaceName')), '2015-11-01-preview').source]"
		},
		"customerId": {
			"type": "string",
			"value": "[reference(resourceId('Microsoft.OperationalInsights/workspaces', parameters('workspaceName')), '2015-11-01-preview').customerId]"
		},
		"pricingTier": {
			"type": "string",
			"value": "[reference(resourceId('Microsoft.OperationalInsights/workspaces', parameters('workspaceName')), '2015-11-01-preview').sku.name]"
		},
		"retentionInDays": {
			"type": "int",
			"value": "[reference(resourceId('Microsoft.OperationalInsights/workspaces', parameters('workspaceName')), '2015-11-01-preview').retentionInDays]"
		},
		"portalUrl": {
			"type": "string",
			"value": "[reference(resourceId('Microsoft.OperationalInsights/workspaces', parameters('workspaceName')), '2015-11-01-preview').portalUrl]"
		}
	}
}