{
    "$schema": "https://schema.management.azure.com/schemas/2015-01-01/deploymentTemplate.json#",
    "contentVersion": "1.0.0.0",
    "parameters": {
        "dtlName": {
            "type": "string"
        },
        "dtlStorageType": {
            "type": "string",
            "defaultValue": "Premium"
        },
        "dtlPremiumDataDisks": {
            "type": "string",
            "defaultValue": "Enabled"
        },
        "dtlVnet": {
            "type": "array"
        },
        "dtlVmAutoShutdown": {
            "type": "string",
            "defaultValue": "Disabled"
        },
        "dtlVmAutoShutdownTime": {
            "type": "string",
            "defaultValue": "1900",
            "metadata": {
                "description": "Hour used to stop automatically VM into the lab. Format : XXYY where XX = Hour (french format) YY = Minutes"
            }
        },
        "dtlVmAutoStart": {
            "type": "string",
            "defaultValue": "Disabled"
        },
        "dtlVmAutoStartTime": {
            "type": "string",
            "defaultValue": "0700",
            "metadata": {
                "description": "Hour used to start automatically VM into the lab. Format : XXYY where XX = Hour (french format) YY = Minutes"
            }
        },
        "dtlVmAutoStartDays": {
            "type": "array",
            "defaultValue": ["Monday", "Tuesday", "Wednesday", "Thursday", "Friday"]
        },
        "dtlAllowedVmSizesInLab": {
            "type": "string",
            "defaultValue": "Disabled"
        },
        "dtlAllowedVmSizes": {
            "type": "string",
            "defaultValue": "",
            "metadata": {
                "description": "A comma-separated list of VM sizes that are allowed in the lab. For example : \"Standard_D2_v3\", \"Standard_D4_v3\""
            }
        },
        "dtlAllowedVmsPerLab": {
            "type": "string",
            "defaultValue": "Disabled"
        },
        "dtlAllowedVmsPerLabCount": {
            "type": "int",
            "minValue": 0,
            "defaultValue": 5,
            "metadata": {
                "description": "The maximum number of VMs allowed per lab."
            }
        },        
        "dtlPublicRepo": {
            "type": "string",
            "defaultValue": "Enabled"
        },
        "dtlCustomRepo": {
            "type": "array",
            "defaultValue": []
        }
    },
    "variables": {
        /* https://docs.microsoft.com/en-us/azure/architecture/building-blocks/extending-templates/conditional-deploy */
		"boolCustomRepo": "[greater(length(parameters('dtlCustomRepo')), 0)]",
		"workaround": {		
			"true": "[if(equals(variables('boolCustomRepo'), bool('true')), parameters('dtlCustomRepo'), createArray(''))]",
			"false": [{
				"name": "workaround",
				"properties": {}
			}]
		},
		"CustomRepoArray": "[variables('workaround')[string(variables('boolCustomRepo'))]]"	
    },
    "resources": [
        {
            "name": "[parameters('dtlName')]",
            "type": "Microsoft.DevTestLab/labs",
            "apiVersion": "2016-05-15",
            "location": "[resourceGroup().location]",
            "tags": {},
            "properties": {
                "labStorageType": "[parameters('dtlStorageType')]",
                "premiumDataDisks": "[parameters('dtlPremiumDataDisks')]"
            },
            "resources": []
        },
        {
            "name": "[concat(parameters('dtlName'), '/vnet-', copyIndex(1))]",
            "type": "Microsoft.DevTestLab/labs/virtualnetworks",
            "apiVersion": "2016-05-15",
            "location": "[resourceGroup().location]",
            "dependsOn": [
                "[parameters('dtlName')]"
            ],
            "tags": {},
            "copy": {
                "name": "iterator",
                "count": "[length(parameters('dtlVnet'))]",
                "mode": "Serial",
                "batchSize": 1
            },
            "properties": {
                "allowedSubnets": [],
                "externalProviderResourceId": "[resourceId(parameters('dtlVnet')[copyIndex()].resourceGroup, 'Microsoft.Network/virtualNetworks', parameters('dtlVnet')[copyIndex()].name)]",
                "copy": [
                    {
                        "name": "subnetOverrides",
                        "count": "[length(parameters('dtlVnet')[copyIndex()].subnets)]",
                        "input": {
                            "resourceId": "[resourceId(parameters('dtlVnet')[copyIndex()].resourceGroup, 'Microsoft.Network/virtualNetworks/subnets', parameters('dtlVnet')[copyIndex()].name, parameters('dtlVnet')[copyIndex()].subnets[copyIndex('subnetOverrides')].name)]",
                            "labSubnetName": "[parameters('dtlVnet')[copyIndex()].subnets[copyIndex('subnetOverrides')].name]",
                            "useInVmCreationPermission": "[parameters('dtlVnet')[copyIndex()].subnets[copyIndex('subnetOverrides')].useInVmCreationPermission]",
                            "usePublicIpAddressPermission": "[parameters('dtlVnet')[copyIndex()].subnets[copyIndex('subnetOverrides')].usePublicIpAddressPermission]",
                            "sharedPublicIpAddressConfiguration": "[if(empty(parameters('dtlVnet')[copyIndex()].subnets[copyIndex('subnetOverrides')].sharedPublicIpAddressConfiguration), json('null'), parameters('dtlVnet')[copyIndex()].subnets[copyIndex('subnetOverrides')].sharedPublicIpAddressConfiguration)]"
                        }
                    }
                ]
            }
        },
        {
            "name": "[concat(parameters('dtlName'), '/labvmsshutdown')]",
            "type": "microsoft.devtestlab/labs/schedules",
            "apiVersion": "2016-05-15",
            "location": "[resourceGroup().location]",
            "dependsOn": [
                "[parameters('dtlName')]"
            ],
            "properties": {
                "status": "[parameters('dtlVmAutoShutdown')]",
                "taskType": "LabVmsShutdownTask",
                "dailyRecurrence": {
                    "time": "[parameters('dtlVmAutoShutdownTime')]"
                },
                "timeZoneId": "Romance Standard Time",
                "notificationSettings": {
                    "status": "Disabled",
                    "timeInMinutes": 30
                }
            }
        },
        {
            "name": "[concat(parameters('dtlName'), '/labvmautostart')]",
            "type": "microsoft.devtestlab/labs/schedules",
            "apiVersion": "2016-05-15",
            "location": "[resourceGroup().location]",
            "dependsOn": [
                "[parameters('dtlName')]"
            ],
            "properties": {
                "status": "[parameters('dtlVmAutoStart')]",
                "taskType": "LabVmsStartupTask",
                "weeklyRecurrence": {
                    "weekdays": "[parameters('dtlVmAutoStartDays')]",
                    "time": "[parameters('dtlVmAutoStartTime')]"
                },
                "timeZoneId": "Romance Standard Time",
                "notificationSettings": {
                    "status": "Disabled",
                    "timeInMinutes": 0
                }
            }
        },
        {
            "name": "[concat(parameters('dtlName'), '/default/AllowedVmSizesInLab')]",
            "type": "microsoft.devtestlab/labs/policysets/policies",
            "apiVersion": "2016-05-15",
            "dependsOn": [
                "[parameters('dtlName')]"
            ],
            "properties": {
                "status": "[parameters('dtlAllowedVmSizesInLab')]",
                "factName": "LabVmSize",
                "threshold": "[concat('[', trim(parameters('dtlAllowedVmSizes')), ']')]",
                "evaluatorType": "AllowedValuesPolicy"
            }
        },
        {
            "name": "[concat(parameters('dtlName'), '/default/MaxVmsAllowedPerLab')]",
            "type": "microsoft.devtestlab/labs/policysets/policies",
            "apiVersion": "2016-05-15",
            "dependsOn": [
                "[parameters('dtlName')]"
            ],
            "properties": {
                "status": "[parameters('dtlAllowedVmsPerLab')]",
                "factName": "LabVmCount",
                "threshold": "[string(parameters('dtlAllowedVmsPerLabCount'))]",
                "evaluatorType": "MaxValuePolicy"
            }
        },        
        {
            "name": "[concat(parameters('dtlName'), '/public repo')]",
            "type": "microsoft.devtestlab/labs/artifactsources",
            "apiVersion": "2016-05-15",
            "dependsOn": [
                "[parameters('dtlName')]"
            ],
            "properties": {
                "displayName": "public repo",
                "uri": "https://github.com/Azure/azure-devtestlab.git",
                "sourceType": "GitHub",
                "folderPath": "/Artifacts",
                "branchRef": "master",
                "status": "[parameters('dtlPublicRepo')]"
            }
        },
        {
            "name": "[concat(parameters('dtlName'), '/repoCustom-', copyIndex(1))]",
            "type": "microsoft.devtestlab/labs/artifactsources",
            "apiVersion": "2016-05-15",
            "dependsOn": [
                "[parameters('dtlName')]"
            ],
            "condition": "[equals(variables('boolCustomRepo'), bool('true'))]",
            "copy": {
                "name": "customRepo",
                "count": "[length(variables('CustomRepoArray'))]",
                "mode": "Serial",
                "batchSize": 1
            },
            "properties": {
                "displayName": "[parameters('dtlCustomRepo')[copyIndex()].displayName]",
                "uri": "[parameters('dtlCustomRepo')[copyIndex()].uri]",
                "sourceType": "[parameters('dtlCustomRepo')[copyIndex()].sourceType]",
                "folderPath": "[parameters('dtlCustomRepo')[copyIndex()].folderPath]",
                "armTemplateFolderPath": "[parameters('dtlCustomRepo')[copyIndex()].armTemplateFolderPath]",
                "branchRef": "[parameters('dtlCustomRepo')[copyIndex()].branchRef]",
                "securityToken": "[parameters('dtlCustomRepo')[copyIndex()].securityToken]",
                "status": "[parameters('dtlCustomRepo')[copyIndex()].status]"
            }
        }
    ],
    "outputs": {}
}