{
    "$schema": "http://schema.management.azure.com/schemas/2015-01-01/deploymentParameters.json",
    "contentVersion": "1.0.0.0",
    "parameters": {
        "dtlVnet": {
            "value": [
                {
                    "name": "#{VNET1_NAME}#",
                    "resourceGroup": "#{VNET1_RESOURCEGROUP_NAME}#",
                    "subnets": [
                        {
                            "name": "#{SUBNET1_NAME}#",
                            "useInVmCreationPermission": "#{ALLOW_VM_CREATION_IN_SUBNET1}#",
                            "usePublicIpAddressPermission": "#{ALLOW_PUBLIC_IP_FOR_VM_IN_SUBNET1}#",
                            "sharedPublicIpAddressConfiguration": {}
                        },
                        {
                            "name": "#{SUBNET2_NAME}#",
                            "useInVmCreationPermission": "#{ALLOW_VM_CREATION_IN_SUBNET2}#",
                            "usePublicIpAddressPermission": "#{ALLOW_PUBLIC_IP_FOR_VM_IN_SUBNET2}#",
                            "sharedPublicIpAddressConfiguration": {}
                        }
                    ]
                }
            ]
        },
        "dtlAllowedVmSizesInLab": {
            "value": "#{ENABLE_ONLY_SPECIFIC_VM_SIZE}#" // Enabled or Disabled. Default : Disabled
        },
        "dtlAllowedVmSizes": {
            "value": "#{SPECIFIC_VM_SIZE}#" // Examples : "\"Standard_D2s_v3\"" or "\"Standard_D2s_v3\", \"Standard_D4s_v3\"". Default : ""
        },
        "dtlAllowedVmsPerLab": {
            "value": "#{LIMIT_VM_COUNT_IN_LAB}#" // Enabled or Disabled. Default : Disabled
        },
        "dtlAllowedVmsPerLabCount": {
            "value": #{NUMBER_OF_VM}# // Format : integer. Default : 5
        }
    }
}