{
	"$schema": "https://schema.management.azure.com/schemas/2015-01-01/deploymentTemplate.json#",
	"contentVersion": "1.0.0.0",
	"parameters": {
		"dnsZoneName": {
			"type": "string",			
			"metadata": {
				"description": "The name of the DNS zone to be created.  Must have at least 2 segements, e.g. hostname.org"
			}
		},
		"recordType": {
			"type": "string",			
			"allowedValues": [
				"A",
				"NS",
				"SOA",
				"TXT",
				"CNAME"
				
			],
			"metadata": {
				"description": "The type of the record"
			}
		},
		"records": {
			"type": "array",			
			"metadata": {
				"description": "records set int DNS Zone"
			}
		},
		"blobStorageCommonSasToken": {
			"type": "securestring"
		}
	},
	"variables": {	
	},
	"resources": [{
			"type": "Microsoft.Network/dnszones",
			"name": "[parameters('dnsZoneName')]",
			"apiVersion": "2016-04-01",
			"location": "global",
			"properties": {}
		},		
		{
			"apiVersion": "2017-05-10",
			"type": "Microsoft.Resources/deployments",
			"name": "[concat('loopRecords-', copyIndex())]",
			"dependsOn": [],
			"copy": {
				"name": "recordscopy",
				"count": "[length(parameters('records'))]",
				"mode": "Serial",
				"batchSize": 1
			},			
			"properties": {
				"mode": "Incremental",
				"templateLink": {
					"uri": "[concat(uri(deployment().properties.templateLink.uri, 'Records/records-template.json'), parameters('blobStorageCommonSasToken'))]",
					"contentVersion": "1.0.0.0"
				},
				"parameters": {
					"dnsZoneName": {
						"value": "[parameters('dnsZoneName')]"
					},
					"recordType": {
						"value": "[parameters('records')[copyIndex()].type]"
					}
					"record": {
						"value": "[parameters('records')[copyIndex()].kind]"
					}
				}
			}
		}
	],
	"outputs": {
		"nameServers": {
			"type": "array",
			"value": "[reference(parameters('dnsZoneName')).nameServers]"
		}
	}
}