{
	"$schema": "http://schema.management.azure.com/schemas/2015-01-01/deploymentTemplate.json",
	"contentVersion": "1.0.0.0",
	"parameters": {
		"useSqlDBServer": {
			"type": "bool"
		},
		"sqlServerName": {
			"type": "string"
		},	
		"webappName": {
			"type": "string"
		},		
		"possibleOutboundIpAddresses": {
			"type": "string"
		}
	},
	"variables": {				
		"possibleOutboundIpAddresses": "[split(parameters('possibleOutboundIpAddresses'), ',')]"
	},
	"resources": [{
		"copy": {
			"name": "iterator",
			"count": "[length(variables('possibleOutboundIpAddresses'))]"
		},
		"name": "[concat(parameters('sqlServerName'), '/', parameters('webappName'), '_outboundip-', copyIndex())]",
		"type": "Microsoft.Sql/servers/firewallrules",
		"condition": "[equals(parameters('useSqlDBServer'), bool('true'))]",
		"location": "[resourceGroup().location]",
		"apiVersion": "2014-04-01-preview",
		"properties": {
			"startIpAddress": "[variables('possibleOutboundIpAddresses')[copyIndex()]]",
			"endIpAddress": "[variables('possibleOutboundIpAddresses')[copyIndex()]]"
		}
	}],
	"outputs": {
		"possibleOutboundIpAddresses": {
			"type": "array",
			"value": "[variables('possibleOutboundIpAddresses')]"
		}
	}
}