{
	"$schema": "https://schema.management.azure.com/schemas/2015-01-01/deploymentTemplate.json#",
	"contentVersion": "1.0.0.0",
	"parameters": {				
		"projectName": {
			"type": "string"
		},
		"appName": {
			"type": "string"
		},
		"environment": {
			"type": "string",
			"allowedValues": [
				"dv",
				"de",
				"in",
				"re",
				"pp",
				"pr"
			],
			"metadata": {
				"description": "The target environment formatted as ENV-AzureRegion : dv = dev, de = demo, in = integration, re = uat/recette, pp = pre-production or staging, pr = production"
			}
		},
		"blobStorageCommonSasToken": {
			"type": "securestring"
		},
		"idResourceGroup": {
			"type": "string"
		},
		"location": {
			"type": "string",
			"allowedValues": [
				"ew1",
				"en1"
			]
		},
		"corridor": {
			"type": "string",
			"allowedValues": [
				"a",
				"b",
				"c"
			],
			"defaultValue": "a"
		},
		"webappsToDeploy": {
			"type": "secureObject"
		},
		"options": {
			"type": "secureObject",
			"defaultValue": {
				"createSqlDBServer": "",
				"createStorageAccountProject": ""
			}
		},
		"sqlserverSysAdminPassword": {
			"type": "securestring",
			"defaultValue": ""
		},
		"sqlserverUserPassword": {
			"type": "securestring",
			"defaultValue": ""
		},
		"storageAccountProject": {
			"type": "array",
			"defaultValue": "[array(json('[]'))]"
		},
		"vnetAddressPrefix": {
			"type": "string"
		},
		"subnetAdressPrefix": {
			"type": "string"
		}
	},
	"variables": {
		"templateLinkUri": "[deployment().properties.templateLink.uri]",
		"baseName": "[concat('z-afa-', parameters('projectName'), '-', parameters('appName'), '-', parameters('environment'), parameters('corridor'), '-', parameters('location'))]",		
		"serverfarmskind-array-on-object": {
			"copy": [{
				"name": "serverfarmskind",
				"count": "[length(parameters('webappsToDeploy').webApps)]",
				"input": {
					"kind": "[parameters('webappsToDeploy').webApps[copyIndex('serverfarmskind')].kind]"
				}
			}]
		},
		"firstKindToTest": [{
			"kind": "app"
		}],
		"secondKindToTest": [{
			"kind": "functionapp"
		}],
		"kinds": "[if(contains(variables('serverfarmskind-array-on-object').serverfarmskind, json('{\"kind\": \"app\"}')), union(variables('serverfarmskind-array-on-object').serverfarmskind, variables('firstKindToTest')), union(variables('serverfarmskind-array-on-object').serverfarmskind, variables('secondKindToTest')))]"		
	},
	"resources": [{
			"apiVersion": "2017-05-10",
			"type": "Microsoft.Resources/deployments",
			"name": "pip",
			"dependsOn": [],
			"properties": {
				"mode": "Incremental",
				"templateLink": {
					"uri": "[concat(uri(variables('templateLinkUri'), 'Network/PublicIp/pip-template.json'), parameters('blobStorageCommonSasToken'))]",
					"contentVersion": "1.0.0.0"
				},
				"parameters": {
					"baseName": {
						"value": "[variables('baseName')]"
					},
					"idResourceGroup": {
						"value": "[parameters('idResourceGroup')]"
					}
				}
			}
		},
		{
			"apiVersion": "2017-05-10",
			"type": "Microsoft.Resources/deployments",
			"name": "vnet",
			"dependsOn": [],
			"properties": {
				"mode": "Incremental",
				"templateLink": {
					"uri": "[concat(uri(variables('templateLinkUri'), 'Network/VirtualNetwork/ARM/vnet-template.json'), parameters('blobStorageCommonSasToken'))]",
					"contentVersion": "1.0.0.0"
				},
				"parameters": {
					"baseName": {
						"value": "[variables('baseName')]"
					},
					"idResourceGroup": {
						"value": "[parameters('idResourceGroup')]"
					},
					"vnetAddressPrefix": {
						"value": "[parameters('vnetAddressPrefix')]"
					},
					"subnetAdressPrefix": {
						"value": "[parameters('subnetAdressPrefix')]"
					}
				}
			}
		},
		{
			"apiVersion": "2017-05-10",
			"type": "Microsoft.Resources/deployments",
			"name": "[concat('loopServerFarms-', copyIndex())]",
			"dependsOn": [],
			"copy": {
				"name": "serverfarmscopy",
				"count": "[length(variables('kinds'))]",
				"mode": "Serial",
				"batchSize": 1
			},
			"properties": {
				"mode": "Incremental",
				"templateLink": {
					"uri": "[concat(uri(variables('templateLinkUri'), 'ServicePlan/sp-template.json'), parameters('blobStorageCommonSasToken'))]",
					"contentVersion": "1.0.0.0"
				},
				"parameters": {
					"baseName": {
						"value": "[variables('baseName')]"
					},
					"kind": {
						"value": "[variables('kinds')[copyIndex()].kind]"
					},
					"idResourceGroup": {
						"value": "[parameters('idResourceGroup')]"
					},
					"servicePlanLocation": {
						"value": "[parameters('location')]"
					}
				}
			}
		},
		{
			"apiVersion": "2017-05-10",
			"type": "Microsoft.Resources/deployments",
			"condition": "[equals(parameters('options').createSqlDBServer, 'true' )]",
			"name": "sqlDBServer",
			"dependsOn": [],
			"properties": {
				"mode": "Incremental",
				"templateLink": {
					"uri": "[concat(uri(variables('templateLinkUri'), 'SqlServer/sqlserver-template.json'), parameters('blobStorageCommonSasToken'))]",
					"contentVersion": "1.0.0.0"
				},
				"parameters": {
					"appName": {
						"value": "[parameters('appName')]"
					},
					"environment": {
						"value": "[parameters('environment')]"
					},
					"sqlserverSysAdminPassword": {
						"value": "[parameters('sqlserverSysAdminPassword')]"
					},
					"sqlserverUserPassword": {
						"value": "[parameters('sqlserverUserPassword')]"
					},
					"blobStorageCommonSasToken": {
						"value": "[parameters('blobStorageCommonSasToken')]"
					},
					"exposition": {
						"value": "[parameters('webappsToDeploy').database.exposition]"
					},
					"sqlDatabaseEdition": {
						"value": "[parameters('webappsToDeploy').database.sqlDatabaseEdition]"
					},
					"sqlDatabaseRequestedServiceObjectiveName": {
						"value": "[parameters('webappsToDeploy').database.sqlDatabaseRequestedServiceObjectiveName]"
					},
					"idResourceGroup": {
						"value": "[parameters('idResourceGroup')]"
					},
					"location": {
						"value": "[parameters('location')]"
					},
					"corridor": {
						"value": "[parameters('corridor')]"
					}
				}
			}
		},
		{
			"apiVersion": "2017-05-10",
			"type": "Microsoft.Resources/deployments",
			"condition": "[and(contains(parameters('options'),'createSqlDBServer'),equals(parameters('options').createSqlDBServer, 'true'),contains(parameters('webappsToDeploy').webApps[copyIndex()],'useSqlDBServer'),equals(parameters('webappsToDeploy').webApps[copyIndex()].useSqlDBServer,'true'))]",
			"name": "[concat('loopFirewallrules-', copyIndex())]",
			"dependsOn": [
				"sqlDBServer",
				"websitescopy"
			],
			"copy": {
				"name": "firewallrulescopy",
				"count": "[length(parameters('webappsToDeploy').webApps)]",
				"mode": "Serial",
				"batchSize": 1
			},
			"properties": {
				"mode": "Incremental",
				"templateLink": {
					"uri": "[concat(uri(variables('templateLinkUri'), 'SqlServer/firewall/sqlserver-firewallrules-template.json'), parameters('blobStorageCommonSasToken'))]",
					"contentVersion": "1.0.0.0"
				},
				"parameters": {
					"useSqlDBServer": {
						"value": "[and(contains(parameters('options'),'createSqlDBServer'),equals(parameters('options').createSqlDBServer, 'true'),contains(parameters('webappsToDeploy').webApps[copyIndex()],'useSqlDBServer'),equals(parameters('webappsToDeploy').webApps[copyIndex()].useSqlDBServer,'true'))]"
					},
					"sqlServerName": {
						"value": "[reference('sqlDBServer').outputs.sqlServerName.value]"
					},
					"webappName": {
						"value": "[reference(concat('loopwebappsToDeploy-', copyIndex())).outputs.webappName.value]"
					},
					"possibleOutboundIpAddresses": {
						"value": "[reference(concat('loopwebappsToDeploy-', copyIndex())).outputs.possibleOutboundIpAddresses.value]"
					}
				}
			}
		},
		{
			"name": "storageAccountProject",
			"type": "Microsoft.Resources/deployments",
			"condition": "[and(equals(parameters('location'), 'ew1' ), equals(parameters('options').createStorageAccountProject, 'true' ))]",
			"apiVersion": "2017-05-10",
			"dependsOn": [],
			"properties": {
				"mode": "Incremental",
				"templateLink": {
					"uri": "[concat(uri(variables('templateLinkUri'), 'StorageAccount/sa-template.json'), parameters('blobStorageCommonSasToken'))]",
					"contentVersion": "1.0.0.0"
				},
				"parameters": {
					"storageAccountName": {
						"value": "[concat(parameters('environment'), parameters('corridor'),parameters('appName'),'sa',parameters('idResourceGroup'))]"
					}
				}
			}
		},
		{
			"apiVersion": "2017-05-10",
			"type": "Microsoft.Resources/deployments",
			"condition": "[greater(length(parameters('webappsToDeploy').webApps),0)]",
			"name": "[concat('loopwebappsToDeploy-', copyIndex())]",
			"dependsOn": [
				"serverfarmscopy",
				"sqlDBServer",
				"storageAccountProject"
			],
			"copy": {
				"name": "websitescopy",
				"count": "[length(parameters('webappsToDeploy').webApps)]",
				"mode": "Serial",
				"batchSize": 1
			},
			"properties": {
				"mode": "Incremental",
				"templateLink": {
					"uri": "[concat(uri(variables('templateLinkUri'), 'WebApp/webapp-template.json'), parameters('blobStorageCommonSasToken'))]",
					"contentVersion": "1.0.0.0"
				},
				"parameters": {
					"baseName": {
						"value": "[variables('baseName')]"
					},
					"useSqlDBServer": {
						"value": "[and(contains(parameters('options'),'createSqlDBServer'),equals(parameters('options').createSqlDBServer, 'true'),contains(parameters('webappsToDeploy').webApps[copyIndex()],'useSqlDBServer'),equals(parameters('webappsToDeploy').webApps[copyIndex()].useSqlDBServer,'true'))]"
					},
					"appName": {
						"value": "[parameters('appName')]"
					},
					"webappName": {
						"value": "[toLower(parameters('webappsToDeploy').webApps[copyIndex()].webappName)]"
					},
					"environment": {
						"value": "[parameters('environment')]"
					},	
					"customHostNames": {
						"value": "[if(contains(parameters('webappsToDeploy').webApps[copyIndex()], 'customHostNames'), parameters('webappsToDeploy').webApps[copyIndex()].customHostNames, array(json('[]')))]"
					},				
					"appSettings": {
						"value": "[concat(parameters('webappsToDeploy').webApps[copyIndex()].appSettings, if(and(contains(parameters('webappsToDeploy').webApps[copyIndex()],'useStorageAccountProject'),equals(parameters('webappsToDeploy').webApps[copyIndex()].useStorageAccountProject,'true')), parameters('storageAccountProject'), array(json('[]')) ) )]"
					},
					"appType": {
						"value": "[parameters('webappsToDeploy').webApps[copyIndex()].appType]"
					},
					"kind": {
						"value": "[parameters('webappsToDeploy').webApps[copyIndex()].kind]"
					},
					"dataBaseInfos": {
						"value": "[reference('sqlDBServer').outputs.dataBaseInfos.value]"
					},
					"sqlserverUserPassword": {
						"value": "[parameters('sqlserverUserPassword')]"
					},
					"blobStorageCommonSasToken": {
						"value": "[parameters('blobStorageCommonSasToken')]"
					},
					"idResourceGroup": {
						"value": "[parameters('idResourceGroup')]"
					},
					"location": {
						"value": "[parameters('location')]"
					},
					"corridor": {
						"value": "[parameters('corridor')]"
					},
					"javaVersion": {
						"value": "[if(contains(parameters('webappsToDeploy').webApps[copyIndex()], 'javaVersion'), parameters('webappsToDeploy').webApps[copyIndex()].javaVersion, '')]"
					},
					"javaContainer": {
						"value": "[if(contains(parameters('webappsToDeploy').webApps[copyIndex()], 'javaContainer'), parameters('webappsToDeploy').webApps[copyIndex()].javaContainer, '')]"
					},
					"javaContainerVersion": {
						"value": "[if(contains(parameters('webappsToDeploy').webApps[copyIndex()], 'javaContainerVersion'), parameters('webappsToDeploy').webApps[copyIndex()].javaContainerVersion, '')]"
					}
				}
			}
		}
	],
	"outputs": {}
}