{
	"$schema": "https://schema.management.azure.com/schemas/2015-01-01/deploymentTemplate.json#",
	"contentVersion": "1.0.0.0",
	"parameters": {
		"projectName": {
			"type": "string"
		},
		"appName": {
			"type": "string"
		},
		"environment": {
			"type": "string",
			"allowedValues": [
				"dv",
				"de",
				"in",
				"re",
				"pp",
				"pr"
			],
			"metadata": {
				"description": "The target environment formatted as ENV-AzureRegion : dv = dev, de = demo, in = integration, re = uat/recette, pp = pre-production or staging, pr = production"
			}
		},
		"blobStorageCommonSasToken": {
			"type": "securestring"
		},
		"idResourceGroup": {
			"type": "string"
		},
		"location": {
			"type": "array",
			"allowedValues": ["West Europe", "North Europe"]
		},
		"corridor": {
			"type": "string",
			"allowedValues": [
				"a",
				"b",
				"c"
			],
			"defaultValue": "a"
		},
		"webappsToDeploy": {
			"type": "secureObject"
		},
		"options": {
			"type": "secureObject",
			"defaultValue": {
				"createSqlDBServer": "",
				"createStorageAccountProject": ""
			}
		},
		"sqlserverSysAdminPassword": {
			"type": "securestring",
			"defaultValue": ""
		},
		"sqlserverUserPassword": {
			"type": "securestring",
			"defaultValue": ""
		},
		"storageAccountProject": {
			"type": "array",
			"defaultValue": "[array(json('[]'))]"
		},
		"vnetAddressPrefix": {
			"type": "string"
		},
		"subnetAdressPrefix": {
			"type": "string"
		}
	},
	"variables": {
		"templateLinkUri": "[deployment().properties.templateLink.uri]",
		"baseName": "[concat('z-afa-', parameters('projectName'), '-', parameters('appName'), '-', parameters('environment'), parameters('corridor'), '-', parameters('location'))]"
	},
	"resources": [{
		"apiVersion": "2017-05-10",
		"type": "Microsoft.Resources/deployments",
		"name": "[concat('loopMain-', copyIndex())]",
		"dependsOn": [],
		"copy": {
			"name": "main",
			"count": "[length(parameters('location'))]",
			"mode": "Serial",
			"batchSize": 1
		},
		"properties": {
			"mode": "Incremental",
			"templateLink": {
				"uri": "[concat(uri(variables('templateLinkUri'), 'main.json'), parameters('blobStorageCommonSasToken'))]",
				"contentVersion": "1.0.0.0"
			},
			"parameters": {
				"projectName": {
					"value": "[parameters('projectName')]"
				},
				"appName": {
					"value": "[parameters('appName')]"
				},
				"environment": {
					"value": "[parameters('environment')]"
				},
				"idResourceGroup": {
					"value": "[parameters('idResourceGroup')]"
				},
				"location": {
					"value": "[parameters('location')[copyIndex()]]]"
				},
				"corridor": {
					"value": "[parameters('corridor')]"
				},
				"webappsToDeploy": {
					"value": "[parameters('webappsToDeploy')]"
				},
				"options": {
					"value": "[parameters('options')]"
				},
				"sqlserverSysAdminPassword": {
					"value": "[parameters('sqlserverSysAdminPassword')]"
				},
				"sqlserverUserPassword": {
					"value": "[parameters('sqlserverUserPassword')]"
				},
				"storageAccountProject": {
					"value": "[parameters('storageAccountProject')]"
				},
				"vnetAddressPrefix": {
					"value": "[parameters('vnetAddressPrefix')]"
				},
				"subnetAdressPrefix": {
					"value": "[parameters('subnetAdressPrefix')]"
				}
			}
		}
	}],
	"outputs": {}
}