{
	"$schema": "http://schema.management.azure.com/schemas/2015-01-01/deploymentTemplate.json#",
	"contentVersion": "1.0.0.0",
	"parameters": {
		"appInsightsRealName": {
			"type": "string"
		}
	},
	"variables": {},
	"resources": [
		{
			"name": "[parameters('appInsightsRealName')]",
			"type": "Microsoft.Insights/components",
			"location": "[resourceGroup().location]",
			"apiVersion": "2014-04-01",
			"dependsOn": [],
			"tags": {
				"displayName": "[concat('Component', parameters('appInsightsRealName'))]"
			},
			"properties": {
				"applicationId": "[parameters('appInsightsRealName')]"
			}
		}
	],
	"outputs": {
		"LogInstrumentationKey": {
			"type": "array",
			"value": [
				{
					"name": "APPINSIGHTS_INSTRUMENTATIONKEY",
					"value": "[reference(concat('/subscriptions/', subscription().subscriptionId, '/resourceGroups/', resourceGroup().name, '/providers/Microsoft.Insights/components/', parameters('appInsightsRealName'))).InstrumentationKey]"
				}
			]
		}
	}
}