{
	"$schema": "https://schema.management.azure.com/schemas/2015-01-01/deploymentTemplate.json#",
	"contentVersion": "1.0.0.0",
	"parameters": {
		"baseName": {
			"type": "string"
		},
		"idResourceGroup": {
			"type": "string",
			"defaultValue": "01"
		},
		"vnetAddressPrefix": {
			"type": "string",
			"metadata": {
				"description": "Address prefix"
			}
		},		
		"subnetAdressPrefix": {
			"type": "string",
			"metadata": {
				"description": "Subnet Prefix"
			}
		}
	},
	"variables": {
		"vnetName": "[concat(parameters('baseName'), '-net', parameters('idResourceGroup'))]",
		"subnetName": "[concat(parameters('baseName'), '-sub', parameters('idResourceGroup'))]"
	},
	"resources": [{
		"apiVersion": "2017-03-01",
		"type": "Microsoft.Network/virtualNetworks",
		"dependsOn": [],
		"name": "[variables('vnetName')]",
		"location": "[resourceGroup().location]",
		"properties": {
			"addressSpace": {
				"addressPrefixes": [
					"[parameters('vnetAddressPrefix')]"
				]
			},
			"subnets": [{
				"name": "[variables('subnetName')]",
				"properties": {
					"addressPrefix": "[parameters('subnetAdressPrefix')]"
				}
			}]
		}
	}],
	"outputs": {
		"subnetRef": {
			"type": "string",
			"value": "[resourceId('Microsoft.Network/virtualNetworks/subnets/', variables('vnetName'), variables('subnetName'))]"
		}
	}
}