{
	"$schema": "http://schema.management.azure.com/schemas/2015-01-01/deploymentTemplate.json#",
	"contentVersion": "1.0.0.0",
	"parameters": {
    "storageAccountName": {
      "type": "string"
    },
    "storageAccountLocation": {
      "type": "string",
      "defaultValue": "[resourceGroup().location]",
      "allowedValues": [
        "[resourceGroup().location]",
        "westeurope",
        "northeurope"
      ]
    },
		"storageType": {
			"type": "string",
			"defaultValue": "Standard_GRS",
			"allowedValues": [
				"Standard_LRS",
				"Standard_ZRS",
				"Standard_GRS",
				"Standard_RAGRS",
				"Premium_LRS"
			]
		}
	},
	"variables": {
		"storageAccountId": "[concat('/subscriptions/',subscription().subscriptionId,'/resourceGroups/', resourceGroup().name,'/providers/','Microsoft.Storage/storageAccounts/', parameters('StorageAccountName'))]"
	},
  "resources": [
    {
      "name": "[parameters('StorageAccountName')]",
      "type": "Microsoft.Storage/storageAccounts",
      "location": "[parameters('storageAccountLocation')]",
      "apiVersion": "2017-10-01",
      "sku": {
        "name": "[parameters('StorageType')]"
      },
      "tags": {
        "displayName": "[parameters('StorageAccountName')]"
      },
      "kind": "Storage",
		"properties": {
			"supportsHttpsTrafficOnly": true
		}
	}],
	"outputs": {
		"storageAccountInfo": {
			"type": "object",
			"value": "[reference(concat('Microsoft.Storage/storageAccounts/', parameters('StorageAccountName')),providers('Microsoft.Storage', 'storageAccounts').apiVersions[0])]"
		},
		"storageAccountConnectionString": {
			"type": "array",
			"value": [
				{
					"name": "storageAccountConnectionString",
					"value": "[concat('DefaultEndpointsProtocol=https;AccountName=',parameters('StorageAccountName'),';AccountKey=', listKeys(variables('storageAccountId'),'2016-01-01').keys[0].value)]"
				}
			]
		},
		"storageAccountKey": {
			"type": "string",
			"value": "[listKeys(variables('storageAccountId'),'2016-01-01').keys[0].value]"
		},
		"storageAccountInfosForFunction": {
			"type": "array",			
			"value": [
				{
					"name": "AzureWebJobsDashboard",
					"value": "[concat('DefaultEndpointsProtocol=https;AccountName=',parameters('storageAccountName'),';AccountKey=', listKeys(variables('storageAccountId'),'2016-01-01').keys[0].value)]"
				},
				{
					"name": "AzureWebJobsStorage",
					"value": "[concat('DefaultEndpointsProtocol=https;AccountName=',parameters('storageAccountName'),';AccountKey=', listKeys(variables('storageAccountId'),'2016-01-01').keys[0].value)]"
				},
				{
					"name": "WEBSITE_CONTENTAZUREFILECONNECTIONSTRING",
					"value": "[concat('DefaultEndpointsProtocol=https;AccountName=',parameters('storageAccountName'),';AccountKey=', listKeys(variables('storageAccountId'),'2016-01-01').keys[0].value)]"
				}
			]
		}		
	}
}